Well,X,Y,Sampling year,Sampling season,pH,Ca,Mg,K,Na,Cl,SO4,HCO3,Fe,F,NH4
J1,592509.17,3397087.46,1992,dry,6.9,62.7,13,0.9,14.9,12.5,10,257.5,0.05,0.16,n.d.
J1,592509.17,3397087.46,1992,wet,7.1,68.4,14.5,0.6,13,13.8,22.5,277.5,0.08,0.2,n.d.
J1,592509.17,3397087.46,1993,dry,6.9,74.2,13,0.7,13.1,13.8,10,287.5,0.1,0.28,0.04
J1,592509.17,3397087.46,1993,wet,7.9,68.4,14.5,1.3,13,12.5,5,280,0.08,0.2,n.d.
J1,592509.17,3397087.46,1994,dry,7.1,66.8,13,0.6,12.7,13.8,7.5,272.5,0.7,0.16,n.d.
J1,592509.17,3397087.46,1995,dry,6.9,60.2,13.5,0.6,13,12.5,15,250,n.d.,0.24,n.d.
J1,592509.17,3397087.46,1995,wet,6.9,64.3,13,0.8,14.9,16.3,12.5,250.1,0.08,0.32,n.d.
J1,592509.17,3397087.46,1996,dry,6.9,61.84,14,0.6,14,15,26,242.51,0.02,0.12,n.d.
J1,592509.17,3397087.46,1996,wet,6.7,63.49,13,0.88,13.8,16.25,10,242.51,n.d.,0.16,n.d.
J1,592509.17,3397087.46,1997,dry,8.15,66.78,11,0.6,13.75,15,16,245.01,0.1,0.04,n.d.
J1,592509.17,3397087.46,1997,wet,8.29,62.66,14,0.61,11.72,15,12,220.005,0.6,0.28,n.d.
J1,592509.17,3397087.46,1998,dry,6.61,64.31,13.5,1.1,14.7,13.75,18,247.51,n.d.,0.12,n.d.
J1,592509.17,3397087.46,1998,wet,6.67,64.31,12.5,0.5,11.7,18.75,7.2,245.01,n.d.,0.28,n.d.
J1,592509.17,3397087.46,1999,dry,7.25,62.66,12,0.8,13.6,15,16,240.005,0.02,0.16,n.d.
J1,592509.17,3397087.46,1999,wet,6.67,64.31,11.5,0.7,14.7,16.25,18,245.01,0.04,0.24,0.02
J1,592509.17,3397087.46,2000,dry,7.85,64.31,12,0.61,13.12,15,10,242.51,0.04,0.2,n.d.
J1,592509.17,3397087.46,2000,wet,7.05,63.49,12.5,0.67,13.33,18.75,10,250.005,0.02,0.16,n.d.
J1,592509.17,3397087.46,2001,dry,7,67.61,11,0.67,13.57,16.25,10,245.01,0.1,0.24,n.d.
J1,592509.17,3397087.46,2001,wet,6.83,67.61,12.5,0.6,13.57,17.5,10,245.01,0.02,0.24,0.02
J1,592509.17,3397087.46,2002,dry,6.92,68.43,13,0.798,13.861,18.75,18,255.01,0.1,0.24,n.d.
J1,592509.17,3397087.46,2002,wet,7.5,70.08,13,0.96,12.78,17.5,17.2,260.005,0.04,0.2,n.d.
J1,592509.17,3397087.46,2003,dry,7.97,65.14,14.5,0.82,14.02,18.75,17.5,247.51,0.08,0.16,n.d.
J1,592509.17,3397087.46,2003,wet,7.91,65.14,14,0.61,14.54,16.25,30,245.01,n.d.,0.12,0.03
J1,592509.17,3397087.46,2004,dry,8.22,67.61,13,0.56,13.54,15,20,230.005,0.2,0.16,n.d.
J1,592509.17,3397087.46,2004,wet,8.16,65.96,16.5,0.6,12.49,18.75,19.2,235.01,0.08,0.2,n.d.
J1,592509.17,3397087.46,2005,dry,7.13,64.31,13.5,0.6,13.3,18.75,11.6,250,0.02,0.16,n.d.
J1,592509.17,3397087.46,2005,wet,7.8,66.78,12.5,0.6,13.05,17.5,8,245,0.02,0.2,n.d.
J1,592509.17,3397087.46,2006,dry,7.93,69.26,12,0.56,13.2,21.25,22,245,0.04,0.24,n.d.
J1,592509.17,3397087.46,2006,wet,8.19,71.73,12.5,0.61,14.03,26.25,15,232.5,0.04,0.12,n.d.
J1,592509.17,3397087.46,2007,wet,8.45,68.43,12.5,0.51,13.68,20,9,222.5,0.06,0.12,n.d.
J1,592509.17,3397087.46,2008,dry,7.09,65.96,12.5,0.68,13.12,15,20,240,0.02,0.16,n.d.
J1,592509.17,3397087.46,2008,wet,7.78,64.31,13,0.76,14.23,17.5,22,255,0.04,0.24,n.d.
J1,592509.17,3397087.46,2009,dry,7.15,109.66,28.5,0.91,37.83,8.75,80,455,2.8,0.32,0.16
J1,592509.17,3397087.46,2009,wet,8.27,76.68,12,0.72,14.88,25,20,247.5,n.d.,0.24,n.d.
J1,592509.17,3397087.46,2010,dry,7.18,64.31,14.5,0.89,13.83,18.75,15,247.5,0.02,0.2,n.d.
J1,592509.17,3397087.46,2010,wet,7.54,72.56,12,0.59,12.83,23.75,12,245,n.d.,0.24,n.d.
J1,592509.17,3397087.46,2011,dry,7.37,65.96,14,0.59,13.15,16.25,4,277.5,n.d.,0.2,n.d.
J1,592509.17,3397087.46,2011,wet,8.28,65.37,15.58,1.03,15.34,22.35,10,260.04,n.d.,0.27,n.d.
J1,592509.17,3397087.46,2012,dry,7.78,64.23,25.66,1.21,16.9,18.19,20,288.8,0.08,0.2,n.d.
J1,592509.17,3397087.46,2012,wet,7.89,69.72,13.78,0.88,25.91,25.19,35,271.93,0.08,0.2,n.d.
J1,592509.17,3397087.46,2013,dry,7.3,66.53,14.58,1.17,15.61,17.58,16,271.2,1.09,0.2,n.d.
J1,592509.17,3397087.46,2013,wet,7.64,76.95,9.72,1.53,14.49,16.37,23.21,258.77,0.07,0.23,n.d.
J1,592509.17,3397087.46,2014,dry,6.92,179.46,45.96,0.98,44.4,80.6,114.11,617.99,0.08,0.24,n.d.
J1,592509.17,3397087.46,2014,wet,7.39,148.3,36.46,0.99,34.77,66.74,90,485.72,0.15,0.23,n.d.
J10,624283,3351788,1997,dry,7.1,164.9,29.5,3.4,206.5,458.8,27.5,370,5.2,n.d.,n.d.
J10,624283,3351788,1997,wet,7.6,80,13.5,3,63.6,117,12.5,282.5,1.2,0.2,0.44
J10,624283,3351788,1998,dry,7.3,158.3,28,5,202,460,12.5,362.5,1.3,0.12,1.2
J10,624283,3351788,1998,wet,7.4,156.6,29,5,188,500,7.5,345,0.11,n.d.,n.d.
J10,624283,3351788,1999,dry,7.4,155,27,6.7,224,485,5,350,0.8,n.d.,n.d.
J10,624283,3351788,1999,wet,7.5,81.6,14,5.8,112.8,192.5,7.5,267.5,1,0.2,0.4
J10,624283,3351788,2000,dry,7.3,168.2,29.5,8,335,630,37.5,360,0.9,n.d.,n.d.
J10,624283,3351788,2000,wet,7.1,179.7,30,4.8,319,710,10,350.2,1,n.d.,n.d.
J10,624283,3351788,2001,dry,7.48,184.69,32,4,412.5,850,13,372.52,1.3,0.02,1.1
J10,624283,3351788,2001,wet,7.46,169.02,38,4.3,415,862.5,9,352.52,1.2,0.28,1.8
J10,624283,3351788,2002,dry,7.1,205.3,38,5.981,66.644,342.5,8.2,427.52,5.6,0.16,1.01
J10,624283,3351788,2002,wet,7.6,208.6,44,5.82,93.94,460,9,325.02,6.4,0.16,1.09
J10,624283,3351788,2003,dry,7.95,93.99,15.5,1.82,46.55,122.5,6,240.005,1.6,0.16,0.54
J10,624283,3351788,2003,wet,8.23,91.52,17,1.71,66.05,152.5,1,245.01,1.7,0.2,0.06
J10,624283,3351788,2004,dry,8.14,89.05,17.5,1.63,57.42,151.25,1,250.005,1.5,0.2,1.2
J10,624283,3351788,2004,wet,8.2,117.08,24.5,1.78,31.19,135,12,312.52,4,0.12,n.d.
J10,624283,3351788,2005,dry,7.29,213.55,25.5,3.83,248.01,580,0.6,457.5,5.2,0.08,2.4
J10,624283,3351788,2005,wet,8.18,89.87,15,1.8,82.1,185,1,250,1.6,0.16,0.88
J10,624283,3351788,2006,dry,8.35,90.7,15.5,1.58,67.42,172.5,1,252.5,1.3,0.24,0.87
J10,624283,3351788,2006,wet,8.33,85.75,21.5,2.55,104.78,238.75,1,232.5,1.9,0.24,0.56
J10,624283,3351788,2007,dry,8.22,93.99,16,1.87,130.06,250,1,247.5,0.4,0.2,0.43
J10,624283,3351788,2007,wet,7.8,103.06,17.5,1.91,151.74,333.75,2,265,2.2,0.12,0.5
J10,624283,3351788,2008,dry,7.66,97.29,14,1.9,44.41,141.25,16,217.5,13.5,0.2,0.93
J10,624283,3351788,2008,wet,7.72,98.12,16.5,1.84,144.46,300,2,262.5,1.9,0.2,0.62
J10,624283,3351788,2009,dry,7.51,98.12,15.5,2.07,144.94,280,8,272.5,1.6,0.12,0.75
J10,624283,3351788,2009,wet,7.66,103.89,19,1.92,44.77,28.75,4,390,2.4,0.2,2.33
J10,624283,3351788,2010,dry,7.59,106.36,17.5,3.03,215.76,412.5,20,270,1.7,0.24,1.16
J10,624283,3351788,2010,wet,7.75,117.9,17.5,2.78,198.73,413.75,10,262.5,1.8,0.24,0.47
J10,624283,3351788,2011,dry,8.38,121.2,20.5,2.35,198.73,411.25,25,275,1.8,0.2,0.85
J10,624283,3351788,2011,wet,7.95,118.29,29.27,2.98,273.2,522.38,12,304.44,2.55,0.27,n.d.
J10,624283,3351788,2012,dry,7.49,128.47,29.46,4.77,376.87,706.78,30,348.96,1.93,0.22,1.09
J10,624283,3351788,2012,wet,7.88,120.63,21.38,3.14,407.45,713.78,40,354.7,1.94,0.23,n.d.
J10,624283,3351788,2013,dry,7.73,120.24,20.42,4.88,429.6,761.69,7.6,353.75,1.86,0.23,0.78
J10,624283,3351788,2013,wet,7.31,129.86,20.91,5.6,402.7,769.02,33.79,294.79,9.75,0.28,0.16
J10,624283,3351788,2014,dry,7.61,130.81,24.19,3.53,593.61,994.1,44.95,380.78,1.76,0.23,1.55
J10,624283,3351788,2014,wet,7.67,118.64,18.96,3.77,491.42,813.35,35,303.57,1.88,0.22,1.24
J11,628078,3360629.5,1992,wet,7.1,86.6,15,0.9,28,2.5,2.5,425,2.08,0.2,0.02
J11,628078,3360629.5,1993,dry,7,85.7,15.5,0.8,29.7,1.2,2.5,430,3.6,0.12,0.12
J11,628078,3360629.5,1993,wet,7.6,82.4,16.5,1.3,27.4,1.2,2.5,412.5,4.4,0.2,0.04
J11,628078,3360629.5,1994,dry,7.1,84.9,16.5,0.7,29.4,0.01,n.d.,420,2.2,0.26,0.02
J11,628078,3360629.5,1994,wet,7.1,80,16.5,0.9,30.5,1.2,2.5,397.5,2.4,0.32,n.d.
J11,628078,3360629.5,1995,dry,7.2,85.7,16,1,35.8,3.8,5,422.5,1.8,0.16,0.2
J11,628078,3360629.5,1995,wet,7.3,87.4,14,0.8,26.6,1.2,2.5,410,2.2,0.28,0.3
J11,628078,3360629.5,1996,dry,7.3,83.27,17,1.1,27.6,1.25,1,415.02,0.12,0.2,0.3
J11,628078,3360629.5,1996,wet,8,86.57,13.5,0.6,28.5,1.25,1,410.02,1.4,0.16,n.d.
J11,628078,3360629.5,1997,dry,7.29,83.27,14.5,0.71,29.55,1.25,0.5,412.52,0.9,0.16,n.d.
J11,628078,3360629.5,1997,wet,8.8,76.68,15,0.8,28,2.5,1,350.02,1.9,0.12,0.32
J11,628078,3360629.5,1998,dry,7.02,85.75,17,1.3,30.7,1.25,1,415.02,1.6,0.12,0.22
J11,628078,3360629.5,1998,wet,7.14,84.92,15.5,0.78,27.86,1.25,3.2,407.52,3.6,0.24,0.3
J11,628078,3360629.5,1999,dry,7.13,85.75,15,1,28.8,1.25,1,415.02,1.6,0.2,0.32
J11,628078,3360629.5,1999,wet,8.08,80.8,15,0.8,32,2.5,1,367.52,1.5,0.16,n.d.
J11,628078,3360629.5,2000,dry,7.1,73.38,19.5,0.75,30.59,1.25,0.8,400.02,2.2,0.2,0.2
J11,628078,3360629.5,2000,wet,8.13,83.27,14.5,0.8,31.25,3.75,1,380.02,1.8,0.2,0.34
J11,628078,3360629.5,2001,dry,7.28,82.45,14.5,0.79,28.57,1.25,4,412.52,1.8,0.08,0.24
J11,628078,3360629.5,2001,wet,7.04,85.75,14,0.88,28.67,3.75,1,400.02,2.2,0.12,0.48
J11,628078,3360629.5,2002,dry,7.25,83.27,15,1.156,30.686,6.25,0.4,400.02,1.9,0.16,0.14
J11,628078,3360629.5,2002,wet,7.5,83.27,15.5,1.09,24.59,2.5,1,400.02,1.8,0.2,n.d.
J11,628078,3360629.5,2003,dry,8.35,82.45,16,0.84,34.9,2.5,8.4,360.02,0.5,0.16,n.d.
J11,628078,3360629.5,2003,wet,7.91,79.15,17,0.87,31.65,5,1,402.52,2,0.16,0.06
J11,628078,3360629.5,2004,dry,8.2,81.63,15,0.69,29.52,1.25,1,382.52,2.1,0.08,0.26
J11,628078,3360629.5,2004,wet,7.88,81.63,15,0.75,29.48,2.5,1,392.52,0.6,0.16,n.d.
J11,628078,3360629.5,2005,dry,7.69,79.98,15,0.73,31.18,3.75,0.6,395,0.8,0.12,0.16
J11,628078,3360629.5,2005,wet,7.59,61.84,11,0.72,34.09,6.25,0.4,312.5,1.7,0.16,n.d.
J11,628078,3360629.5,2006,dry,8.37,79.15,16,0.72,30.13,1.25,2,375,0.9,0.18,0.13
J11,628078,3360629.5,2006,wet,7.02,71.73,19.5,0.68,31.19,10,1,382.5,2.5,0.16,n.d.
J11,628078,3360629.5,2007,dry,7.92,80.8,12,0.63,30.12,2.5,1,380,3.4,0.22,0.2
J11,628078,3360629.5,2007,wet,8.26,68.43,15,0.59,29.67,6.25,1,342.5,3,0.1,n.d.
J11,628078,3360629.5,2008,wet,7.43,79.98,15,0.73,29.95,5,1,400,2.6,0.32,0.19
J11,628078,3360629.5,2009,dry,7.61,115.43,21.5,3.92,46,47.5,200,262.5,n.d.,0.44,n.d.
J11,628078,3360629.5,2009,wet,8.28,134.39,21,11.06,46.86,55,150,345,0.14,0.48,n.d.
J11,628078,3360629.5,2010,dry,7.58,56.07,13,0.94,29.72,1.25,1,315,2.8,0.2,0.25
J11,628078,3360629.5,2010,wet,7.94,61.01,11.5,0.52,30.4,7.5,1,312.5,2.8,0.24,n.d.
J11,628078,3360629.5,2011,dry,7.65,58.54,12.5,0.51,28.76,5,1,315,3,0.28,0.25
J11,628078,3360629.5,2011,wet,7.49,55.26,12.27,0.82,31.4,6.98,1,298.09,2.49,0.31,n.d.
J11,628078,3360629.5,2012,dry,7.9,56.4,26.13,0.94,35.49,5.6,5,360.99,2.46,0.3,0.23
J11,628078,3360629.5,2012,wet,7.87,60.32,12.83,0.8,44.06,4.2,1,372.43,4.86,0.23,n.d.
J11,628078,3360629.5,2013,dry,7.47,57.72,14.58,1.19,38.88,2.93,0.5,365.54,4.38,0.25,n.d.
J11,628078,3360629.5,2013,wet,7.34,72.14,8.75,1.53,36.23,1.1,n.d.,365.54,4.35,0.25,n.d.
J11,628078,3360629.5,2014,dry,7.37,55.03,15.96,0.84,41.94,2.78,0.4,374.54,3.93,0.23,0.31
J11,628078,3360629.5,2014,wet,7.77,80.96,22.85,1.88,14.07,18.07,1,370.36,4.69,0.17,n.d.
J12,627732,3345777,1996,dry,7.1,145.11,31.5,1.4,14.1,6.25,2.5,630.03,5.2,0.24,0.52
J12,627732,3345777,1996,wet,7.2,145.94,32.5,1.29,14,12.5,8,615.03,6.4,0.16,0.8
J12,627732,3345777,1997,dry,7.15,140.99,30,1.14,13.18,6.25,0.5,617.53,7,0.12,0.28
J12,627732,3345777,1997,wet,7.77,135.22,33.5,1,11.8,5,1,615.03,6.2,0.12,0.44
J12,627732,3345777,1998,dry,6.9,144.29,31.5,1.1,15,6.25,0.5,637.53,5.6,0.16,0.72
J12,627732,3345777,1998,wet,6.54,41.23,11.5,0.78,9.28,2.5,2.8,207.51,3.8,0.2,0.52
J12,627732,3345777,1999,dry,7.02,145.11,31,1.3,13.7,6.25,1,630.03,5.2,0.12,0.72
J12,627732,3345777,1999,wet,7.15,141.81,32,1.1,14.5,6.15,1,627.53,4.4,0.2,0.24
J12,627732,3345777,2000,dry,7.1,143.46,31,1.12,13.53,5,0.8,617.53,5.2,0.2,0.56
J12,627732,3345777,2000,wet,7.41,145.11,30.5,1.1,13,7.5,1,620.03,4.4,0.24,0.72
J12,627732,3345777,2001,dry,7.15,143.46,31,1.08,10,5,1,615.03,5,0.12,0.56
J12,627732,3345777,2001,wet,7.45,122.85,31,1.27,13.85,8.75,1,555.03,4.4,0.12,0.72
J12,627732,3345777,2002,dry,7.11,137.69,30,1.393,12.688,8.75,0.4,595.03,5,0.2,0.06
J12,627732,3345777,2002,wet,7.5,100.59,41.5,1.24,13.48,6.25,0.5,530.03,5,0.28,0.2
J12,627732,3345777,2003,dry,7.93,140.17,33,1.17,13.41,5,0.6,612.53,4.8,0.16,0.39
J12,627732,3345777,2003,wet,7.62,129.45,30.5,1.07,14.28,8.75,1,570.03,4.4,0.24,0.56
J12,627732,3345777,2004,dry,7.82,140.17,32,1.01,13.14,3.75,1,615.03,4.4,0.28,0.9
J12,627732,3345777,2004,wet,7.96,136.04,33,1.12,13.68,6.25,0.4,610.03,2.4,0.08,0.72
J12,627732,3345777,2005,dry,7.29,143.46,31,1.26,14.16,6.25,2,617.5,5.8,0.08,0.54
J12,627732,3345777,2005,wet,7.54,104.71,29.5,1.04,13.19,7.5,0.2,492.5,4.4,0.22,0.05
J12,627732,3345777,2006,dry,7.23,143.46,38.5,0.81,14.39,1.25,1,650,4.4,0.16,0.37
J12,627732,3345777,2006,wet,7.38,107.19,36.5,0.71,16.89,26.25,1,497.5,6.2,0.24,n.d.
J12,627732,3345777,2007,dry,7.77,156.66,33,0.69,15.83,25,1,645,5.8,0.24,0.78
J12,627732,3345777,2007,wet,7.34,143.46,39.5,0.59,16.1,25,1,650,5.6,0.22,0.5
J12,627732,3345777,2008,dry,7.78,140.17,34.5,1.04,15.39,10,1,622.5,3.6,0.12,0.97
J12,627732,3345777,2008,wet,7.41,144.29,36,0.93,15.16,10,1,652.5,3.4,0.32,0.7
J12,627732,3345777,2009,dry,7.35,145.94,36.5,1.13,16.99,11.25,1,680,3.2,0.24,0.7
J12,627732,3345777,2009,wet,7.58,108.01,19.5,2.4,198.68,417.5,4,272.5,2,0.24,1.16
J12,627732,3345777,2010,dry,7.36,148.41,37,0.86,13.18,10,3,657.5,3.4,0.16,0.7
J12,627732,3345777,2010,wet,7.06,150.06,36.5,0.86,14.91,11.25,1,645,4,0.24,0.14
J12,627732,3345777,2011,dry,7.02,149.23,36.5,0.85,14.91,11.25,6,657.5,3.6,0.2,0.78
J12,627732,3345777,2011,wet,7.77,132.3,38.23,1.37,15.44,11.17,1,640.58,2.05,0.24,0.6212
J12,627732,3345777,2012,dry,7.46,142.56,40.86,1.43,18.43,8.4,5,697.92,2.15,0.25,0.93
J12,627732,3345777,2012,wet,7.65,146.48,37.53,1.36,34.18,11.2,45,679.84,2.38,0.22,n.d.
J12,627732,3345777,2013,dry,7.55,147.49,35.01,1.57,16.48,13.18,1,683.91,2.56,0.23,0.31
J12,627732,3345777,2013,wet,7.41,149.1,35.01,2.1,13.54,7.69,6.81,623.4,2.51,0.21,0.54
J12,627732,3345777,2014,dry,7.15,146.76,35.8,1.24,17.39,13.9,0.4,686.66,2.23,0.18,0.78
J12,627732,3345777,2014,wet,7.57,149.1,35.01,1.38,16.66,13.9,1,661.79,n.d.,0.22,0.7
J13,626981,3338755,1992,wet,7.5,121.2,33,2.7,12,1.2,2.5,585,3,0.2,0.88
J13,626981,3338755,1992,wet,7.7,122.8,30,2.1,10.8,17.5,2.5,532.5,3,0.12,0.72
J13,626981,3338755,1993,dry,7,144.3,30.5,2.8,13.5,1.2,n.d.,645,3.2,0.2,0.32
J13,626981,3338755,1993,wet,7.5,140.2,31,3,12,1.2,5,637.5,3.2,0.2,0.72
J13,626981,3338755,1994,dry,7.2,144.3,30,2.5,12,1.2,2.5,640,2.8,0.12,0.36
J13,626981,3338755,1994,wet,7.5,128.6,40.5,2.7,12.8,2.5,2.5,620,3.4,0.12,0.84
J13,626981,3338755,1995,dry,6.9,141,32.5,3.31,12.2,1.2,2.5,640,3.6,0.2,0.92
J13,626981,3338755,1995,wet,7.3,140.2,33,2.9,12.5,3.8,2.5,635.3,4,0.2,0.72
J13,626981,3338755,1996,dry,7.2,144.29,35,3.9,13.3,1.25,2.5,637.53,2.9,0.24,0.92
J13,626981,3338755,1996,wet,7.1,145.11,30.5,3.7,14.7,1.25,1,630.03,3.6,0.08,0.84
J13,626981,3338755,1997,dry,7.51,142.64,30,3,12.27,1.25,3,620.03,3.8,0.12,0.84
J13,626981,3338755,1997,wet,7.72,131.92,36.5,2.7,10.71,0.01,1,625.03,2.8,0.16,1.1
J13,626981,3338755,1998,dry,7.1,146.76,30,3.3,13.3,1.25,1,637.53,3.2,0.12,1.04
J13,626981,3338755,1998,wet,7.18,131.92,38.5,2.72,11.18,2.5,2,622.53,3.2,0.28,0.92
J13,626981,3338755,1999,dry,7.03,147.59,29,2.9,12.5,1.25,1,637.53,3.2,0.12,1.28
J13,626981,3338755,1999,wet,7.08,145.11,30,3,13.6,1.25,1,627.53,3.4,0.16,0.52
J13,626981,3338755,2000,dry,7.57,137.69,30.5,3.12,12.35,1.25,1.6,607.53,0.76,0.2,0.72
J13,626981,3338755,2000,wet,7.65,145.94,30,2.75,12,1.25,1,630.03,2.8,0.16,1.2
J13,626981,3338755,2001,dry,7.21,137.69,29,2.82,13.08,1.25,1,597.53,2.4,0.16,0.64
J13,626981,3338755,2001,wet,7.01,131.92,39,3,11.67,2.5,1,600.03,2.2,0.16,0.48
J13,626981,3338755,2002,dry,7.12,138.52,29.5,2.988,11.652,6.25,0.4,602.53,2.6,0.16,0.4
J13,626981,3338755,2002,wet,7.7,70.91,24,3.15,12.08,2.5,0.5,370.02,2.4,0.24,0.31
J13,626981,3338755,2003,dry,7.73,139.34,30.5,2.98,11.99,3.75,0.6,605.03,2,0.12,0.47
J13,626981,3338755,2003,wet,7.52,128.62,30,2.93,12.95,1.25,1,580.03,2.4,0.16,0.65
J13,626981,3338755,2004,dry,7.8,114.61,28,2.79,12.57,1.25,1,535.03,2.4,0.12,1
J13,626981,3338755,2004,wet,7.74,127.8,31.5,2.65,12.13,1.25,0.4,577.53,2.4,0.16,1.2
J13,626981,3338755,2005,dry,7.48,141.81,31,3.64,12.62,2.5,4,617.5,2.8,0.12,0.64
J13,626981,3338755,2005,wet,7.6,84.92,27,2.77,11.89,2.5,0.4,440,1.8,0.16,1
J13,626981,3338755,2006,dry,8.25,139.34,30,2.82,11.25,3.75,1,592.5,2.5,0.16,0.28
J13,626981,3338755,2006,wet,7.2,117.9,41.5,2.99,11.75,1.25,1,597.5,2.8,0.16,0.75
J13,626981,3338755,2007,dry,7.96,158.3,19,2.73,11.33,1.25,1,600,10.4,0.16,0.78
J13,626981,3338755,2007,wet,7.48,135.22,33.5,2.5,11.33,1.25,1,622.5,3.4,0.08,0.53
J13,626981,3338755,2008,dry,7.37,155.83,38,2.15,14.62,5,1,702.5,3.4,0.08,1.09
J13,626981,3338755,2008,wet,7.44,155.01,37.5,3.99,14.78,3.75,1,695,3.6,0.24,0.93
J13,626981,3338755,2009,dry,7.71,149.23,40,4.64,16.49,7.5,1,702.5,3.6,0.16,1.16
J13,626981,3338755,2009,wet,8.21,89.05,20.5,0.86,30.33,33.75,27.5,340,0.9,0.28,0.09
J13,626981,3338755,2010,dry,7.32,150.88,40.5,3.76,11.54,2.5,3,695,n.d.,0.12,0.93
J14,654041,3342459,1992,dry,6.9,139.3,24,1.2,16.3,1.2,n.d.,597.5,3.2,0.12,0.44
J14,654041,3342459,1992,wet,7,140.2,25,1.4,11.8,1.2,n.d.,600,2.56,n.d.,0.14
J14,654041,3342459,1993,dry,7.3,142.6,25,1.1,13.3,1.2,2.5,602.5,2.6,0.16,0.3
J14,654041,3342459,1993,wet,7.5,112.1,23,1.3,12.5,1.2,2.5,505,2.8,0.12,0.4
J14,654041,3342459,1994,dry,7.6,107.2,23,1,20,1.2,2.5,507.5,n.d.,0.16,0.36
J14,654041,3342459,1994,wet,7.1,121.2,22.5,0.8,21.7,1.2,2.5,540,n.d.,0.16,0.52
J14,654041,3342459,1995,wet,7.1,144.3,23.5,1.6,15.3,2.5,5,587.8,2.6,0.12,0.52
J14,654041,3342459,1996,dry,7.1,141.81,24,1.1,11.8,1.25,1,580.03,2.8,0.16,0.24
J14,654041,3342459,1996,wet,7,140.99,23,1.4,13.5,1.25,1,580.03,2.8,0.12,0.3
J14,654041,3342459,1997,dry,6.96,140.17,23.5,1.02,12.14,1.25,1,572.53,1.6,0.16,0.36
J14,654041,3342459,1997,wet,7.4,140.17,22,1.27,11.43,1.25,1,577.53,2.4,0.08,0.42
J14,654041,3342459,1998,dry,7,141.81,22.5,1.5,19.7,1.25,4,582.53,3.4,0.12,0.48
J14,654041,3342459,1998,wet,7.32,140.17,24.5,1.14,10.59,1.25,1,577.53,2,0.24,0.52
J14,654041,3342459,1999,dry,7.13,142.64,22,1.4,12.7,1.25,0.6,582.53,2.4,0.16,0.42
J14,654041,3342459,1999,wet,7.23,140.17,23.5,1.2,14,1.25,1,557.53,2.6,0.12,0.28
J14,654041,3342459,2000,dry,7.93,145.94,18.5,1.12,11.88,1.25,1,570.03,3.2,0.12,0.52
J14,654041,3342459,2000,wet,7.39,140.17,23,1.1,12,1.25,1,585.03,2.4,0.12,0.52
J14,654041,3342459,2001,dry,7.13,141.81,23,1.21,12.86,1.25,1,575.03,2.5,0.16,0.32
J14,654041,3342459,2001,wet,7.69,126.15,24,1.27,13.08,2.5,1,537.53,2.4,0.12,0.52
J14,654041,3342459,2002,dry,7.34,115.43,24.5,1.907,12.249,2.5,0.2,502.53,2.6,0.12,0.31
J14,654041,3342459,2002,wet,7.5,97.29,24.5,1.42,11.28,1.25,0.2,442.52,5.6,0.16,0.11
J14,654041,3342459,2003,dry,7.34,139.34,25,1.24,12.27,3.75,2,567.53,2.4,0.12,0.43
J14,654041,3342459,2003,wet,7.52,107.19,32,1.12,12.94,1.25,1,520.03,2.4,0.12,0.22
J14,654041,3342459,2004,dry,7.69,103.06,23.5,1.06,12.68,1.25,1,465.02,2.4,0.16,0.64
J14,654041,3342459,2004,wet,7.9,133.57,25.5,1.14,11.9,1.25,0.4,565.03,2.4,0.2,0.52
J14,654041,3342459,2005,dry,7.51,140.17,24,1.08,12.69,1.25,0.6,575,3,0.1,0.5
J14,654041,3342459,2005,wet,7.45,98.94,24.5,1.08,12.03,6.25,0.2,445,2.6,0.12,0.3
J14,654041,3342459,2006,dry,7.7,140.99,22,1.1,11.68,1.25,1,565,2.4,0.16,0.37
J14,654041,3342459,2006,wet,7.49,126.15,26,1.2,12.13,2.5,2,520,2.5,0.16,n.d.
J14,654041,3342459,2007,dry,7.38,140.17,22.5,1.07,11.63,1.25,3,560,2.8,0.08,0.47
J14,654041,3342459,2007,wet,7.78,55.24,25,1.03,10.91,6.25,1,310,2.5,0.08,n.d.
J14,654041,3342459,2008,dry,7.8,139.34,22,1.18,11.94,1.25,9,560,2.6,0.08,0.31
J14,654041,3342459,2008,wet,7.74,121.2,22,1.13,11.54,2.5,1,520,3.4,0.2,0.31
J14,654041,3342459,2009,dry,7.76,90.7,24.5,1.51,24.4,2.5,1,460,1.2,0.08,0.93
J14,654041,3342459,2009,wet,8.28,136.04,21.5,1.28,12.44,5,1,537.5,2.4,0.2,n.d.
J14,654041,3342459,2010,dry,7.45,140.99,22,1.09,9.78,1.25,1,560,2.6,0.08,0.37
J14,654041,3342459,2010,wet,8.37,137.69,22,1.04,11.42,3.78,1,517.5,2.5,0.16,0.31
J14,654041,3342459,2011,dry,7.4,141.81,23,1.04,11.34,2.5,1,565,4.8,0.16,0.37
J14,654041,3342459,2011,wet,7.72,121.41,23.13,1.56,12.5,1.4,1,526.42,2.45,0.16,n.d.
J14,654041,3342459,2012,dry,7.63,133.95,34.21,1.6,15.17,2.8,5,601.66,2.61,0.1,0.39
J14,654041,3342459,2012,wet,7.7,125.33,22.81,1.55,13.6,2.8,1,555.69,4.94,0.12,n.d.
J14,654041,3342459,2013,dry,7.35,137.88,23.82,1.82,11.75,2.93,1,601.37,2.7,0.16,0.08
J14,654041,3342459,2013,wet,7.14,139.48,23.34,2.42,11.2,1.27,5.84,586.68,2.43,0.17,0.08
J14,654041,3342459,2014,dry,7.3,137.19,26.12,1.49,13.29,2.78,1,599.27,3.42,0.15,0.31
J14,654041,3342459,2014,wet,7.57,137.88,24.31,1.74,12.49,2.78,1,570.72,2.69,0.17,n.d.
J15,657457.56,3325247.12,1992,dry,7,107.2,25.5,2.4,9.7,3.8,n.d.,490,1.8,0.12,1.5
J15,657457.56,3325247.12,1992,wet,7.1,111.3,24.5,2.8,8,3.8,2.5,485,1.92,0.2,1.8
J15,657457.56,3325247.12,1993,dry,7.3,111.3,24,2.4,8.6,3.8,n.d.,492.5,1.8,0.16,24
J15,657457.56,3325247.12,1993,wet,7.6,97.3,24,2,8,3.8,7.5,447.5,2,0.12,2.08
J15,657457.56,3325247.12,1994,dry,7.1,111.3,23,1.9,8,5,2.5,492.5,1.8,0.12,2.2
J15,657457.56,3325247.12,1994,wet,7.3,111.3,25.5,2.2,8.2,7.5,2.5,485,2,0.12,2.1
J15,657457.56,3325247.12,1995,dry,7.3,99.8,34,2.17,8.9,6.2,5,487.5,1.7,0.08,0.8
J15,657457.56,3325247.12,1995,wet,7.3,113,23.5,2.2,7.2,6.3,2.5,482.7,2.2,0.2,1.9
J15,657457.56,3325247.12,1996,dry,7.3,112.13,25,3,8.9,3.75,5,490.02,1.65,0.12,2.4
J15,657457.56,3325247.12,1996,wet,7.1,113.78,22,2.5,8.3,3.75,1,480.02,1.9,0.08,2.08
J15,657457.56,3325247.12,1997,dry,7.06,112.96,22.5,2.01,7.55,3.75,1,477.52,1,0.08,1.8
J15,657457.56,3325247.12,1997,wet,7.48,112.96,24,2.05,7.14,2.5,1,485.02,1.8,0.12,2.4
J15,657457.56,3325247.12,1998,dry,7.34,115.43,23.5,2.7,8.7,2.5,1,495.02,1.6,0.08,2.2
J15,657457.56,3325247.12,1998,wet,7.34,108.01,26,2.14,6.47,2.5,1,482.52,1.6,0.16,3
J15,657457.56,3325247.12,1999,dry,7.02,115.43,22.5,2.3,8,2.5,1,490.02,2,0.08,2.84
J15,657457.56,3325247.12,1999,wet,7.33,112.96,23,2,8,3.75,1,485.02,1.4,0.08,2.6
J15,657457.56,3325247.12,2000,dry,7.53,114.61,22.5,2,6.88,5,2,480.02,1.6,0.12,2.8
J15,657457.56,3325247.12,2000,wet,7.59,113.78,23,2.15,8,5,1,485.02,2.6,0.08,2.4
J15,657457.56,3325247.12,2001,dry,8.09,112.96,23,2,9.23,2.5,1,442.52,2.2,0.08,2.8
J15,657457.56,3325247.12,2001,wet,8.11,114.61,22.5,2.2,7.86,6.25,1,460.02,1.8,0.08,2.8
J15,657457.56,3325247.12,2002,dry,7.32,108.01,22.5,2.135,7.638,8.75,0.4,445.02,2.9,0.12,n.d.
J15,657457.56,3325247.12,2002,wet,7.71,78.33,27.5,2.39,8.24,5,0.5,382.52,1.8,0.2,n.d.
J15,657457.56,3325247.12,2003,dry,7.44,113.78,23,2.14,7.39,7.5,0.4,480.02,2.2,0.16,2.17
J15,657457.56,3325247.12,2003,wet,8.2,118.73,18,2.09,8.35,6.25,1,450.02,1.7,0.16,1.71
J15,657457.56,3325247.12,2004,dry,8.18,103.89,22.5,1.9,8.48,5,1,452.52,2,0.12,2.4
J15,657457.56,3325247.12,2004,wet,8.22,113.78,23.5,2.1,7.77,3.75,1,460.02,1.8,0.16,3
J15,657457.56,3325247.12,2005,dry,7.51,116.25,23,2.85,8.84,3.75,3,495,2,3.75,2.6
J15,657457.56,3325247.12,2005,wet,7.6,106.36,21.5,1.97,7.61,6.25,0.4,432.5,2.6,0.12,0.04
J15,657457.56,3325247.12,2006,dry,7.64,115.43,23,2.01,7.28,3.75,1,480,1.8,0.12,0.23
J15,657457.56,3325247.12,2006,wet,7.45,95.64,23,2.18,7.65,20,1,382.5,2,0.16,n.d.
J15,657457.56,3325247.12,2007,dry,8.08,114.61,23,1.93,7.38,3.75,1,475,2.2,0.12,1.71
J15,657457.56,3325247.12,2007,wet,7.68,74.2,22,1.81,7.39,5,1,357.5,1.8,0.08,1.24
J15,657457.56,3325247.12,2008,dry,7.63,126.15,21.5,2.17,8.03,2.5,2,482.5,1.8,0.08,2.02
J15,657457.56,3325247.12,2008,wet,7.47,109.66,22.5,2.03,7.49,5,1,472.5,1.8,0.16,1.71
J15,657457.56,3325247.12,2009,dry,7.86,107.19,22.5,1.55,8.86,6.25,1,470,2.2,0.08,2.33
J15,657457.56,3325247.12,2009,wet,7.73,127.8,40,4.15,15.59,6.25,1,647.5,6,0.24,1.16
J15,657457.56,3325247.12,2010,dry,7.73,116.25,23,1.7,5.26,2.5,1,487.5,2.6,0.08,1.24
J15,657457.56,3325247.12,2010,wet,7.74,117.08,25,1.82,7.86,10,1,480,2,0.12,n.d.
J15,657457.56,3325247.12,2011,dry,7.55,118.73,23.5,1.77,7.46,2.5,1,495,2.4,0.12,2.33
J15,657457.56,3325247.12,2011,wet,7.95,99.62,26.43,2.5,8.29,1.4,1,463,n.d.,0.08,n.d.
J15,657457.56,3325247.12,2012,dry,7.65,115.93,30.41,2.5,10.6,2.8,5,529.46,1.83,0.05,1.09
J15,657457.56,3325247.12,2012,wet,7.76,115.15,24.71,2.64,9.65,5.6,1,526.13,1.98,0.06,2.02
J15,657457.56,3325247.12,2013,wet,7.5,121.84,23.82,3.68,8.3,3.39,n.d.,518.83,2.14,0.1,2.17
J15,657457.56,3325247.12,2014,dry,7.18,115.65,26.12,2.31,9.52,2.78,0.4,524.36,1.73,0.07,2.33
J15,657457.56,3325247.12,2014,wet,7.81,102.6,25.28,2.28,12.06,2.78,1,461.43,1.37,0.13,0.47
J16,616667,3309875,1992,dry,7.8,67.6,19,0.8,22,1.2,1,367.5,0.8,0.28,n.d.
J16,616667,3309875,1992,wet,7.2,69.2,18.5,0.8,19.6,1.2,2.5,365,0.12,0.2,n.d.
J16,616667,3309875,1994,wet,7.3,68.4,18,0.6,22.6,1.2,2.5,357.5,0.5,0.32,n.d.
J16,616667,3309875,1995,dry,7.3,70.1,19.5,0.55,21.1,3.8,5,362.5,0.6,0.28,0.6
J16,616667,3309875,1995,wet,7.3,71.7,20.5,0.9,20,1.3,0.3,360.2,1.4,0.12,0.1
J16,616667,3309875,1996,dry,7.6,70.08,19.5,1.1,20,1.25,2,362.52,0.9,0.28,0.5
J16,616667,3309875,1996,wet,7.6,75.03,16,0.5,17.7,3.75,1,360.02,0.7,0.24,0.52
J16,616667,3309875,1997,dry,7.55,70.08,19,0.54,21.8,1.25,1,355.02,1.6,0.28,0.6
J16,616667,3309875,1998,dry,7.12,68.43,19,1.2,30.4,1.25,4,367.52,0.8,0.16,0.64
J16,616667,3309875,1998,wet,7.24,67.61,19,0.7,18.6,2.5,4,360.02,0.7,0.28,0.72
J16,616667,3309875,1999,dry,7.24,70.08,19.5,1,21,1.25,0.8,362.52,0.8,0.2,0.67
J16,616667,3309875,1999,wet,7.78,70.08,18,0.8,21.8,2.5,1,357.52,0.68,0.24,0.08
J16,616667,3309875,2000,dry,7.57,71.73,19.5,0.69,21.88,1.25,1,375.02,0.7,0.24,0.6
J16,616667,3309875,2000,wet,7.65,68.43,19,0.8,20,1.25,1,352.52,0.64,0.28,0.52
J16,616667,3309875,2001,dry,7.7,69.26,19,0.71,21.67,2.5,1,360.02,0.8,0.28,0.8
J16,616667,3309875,2001,wet,8.43,63.49,19.5,0.91,21.54,3.75,1,310.02,0.64,0.24,0.04
J16,616667,3309875,2002,dry,7.98,61.01,18.5,1.471,20.184,2.5,0.2,317.52,3.6,0.28,n.d.
J16,616667,3309875,2002,wet,8.09,51.12,25.5,1.01,20.75,2.5,0.5,297.51,0.9,0.32,n.d.
J16,616667,3309875,2003,dry,7.48,68.54,19.5,0.8,20.54,5,0.6,360.02,1,0.28,0.5
J16,616667,3309875,2003,wet,8.24,67.61,17.5,0.76,21.87,3.75,1,320.02,0.9,0.28,0.56
J16,616667,3309875,2004,dry,8.45,56.89,24.5,0.68,20.72,1.25,1,322.52,2,0.22,0.72
J16,616667,3309875,2004,wet,8.24,54.42,18.5,0.73,21.08,1.25,0.5,287.51,1,0.16,0.32
J16,616667,3309875,2005,dry,7.72,70.08,20.5,0.7,22.5,1.25,0.6,380,4.6,0.16,0.8
J16,616667,3309875,2005,wet,8.2,61.84,20,0.73,20.67,3.75,0.2,330,0.6,0.28,0.62
J16,616667,3309875,2006,dry,7.91,68.43,18.5,0.69,18.76,1.25,1,350,3.2,0.24,0.28
J16,616667,3309875,2006,wet,8.41,53.59,27,0.75,21.34,1.25,1,310,0.7,0.24,0.5
J16,616667,3309875,2007,dry,8.41,69.26,18,0.74,20.09,1.25,1,337.5,0.8,0.22,0.56
J16,616667,3309875,2007,wet,7.96,68.43,17.5,0.64,19.67,1.25,1,355,0.7,0.28,0.12
J16,616667,3309875,2008,dry,7.81,69.26,28.5,0.84,20.24,1.25,1,347.5,1.4,0.28,0.5
J16,616667,3309875,2008,wet,7.29,67.61,19,0.72,20.78,1.25,1,352.5,1.3,0.24,0.03
J16,616667,3309875,2009,dry,7.6,61.84,15,1.36,37.7,3.75,1,370,2,0.12,0.25
J16,616667,3309875,2009,wet,8.46,61.01,22,0.9,22,1.25,1,335,1.3,0.2,0.03
J16,616667,3309875,2010,dry,7.47,68.43,18.5,0.96,20.83,1.25,1,365,2.1,0.24,0.31
J16,616667,3309875,2010,wet,8.25,68.43,18.5,0.72,19.06,1.25,1,335,0.8,0.24,n.d.
J16,616667,3309875,2011,dry,7.51,69.26,19.5,0.71,19.58,1.25,1,357.5,2,0.24,0.62
J16,616667,3309875,2011,wet,8.24,62.26,19.83,1.13,22.39,1.4,1,317.12,1.28,0.38,n.d.
J16,616667,3309875,2012,dry,7.8,65.8,23.76,1.42,23.13,2.8,1,379.04,0.04,0.28,0.31
J16,616667,3309875,2012,wet,7.81,63.45,19.95,1.04,25.76,2.8,1,366.52,0.8,0.32,n.d.
J16,616667,3309875,2013,dry,7.96,68.94,18.48,1.41,22.49,2.93,0.5,377.33,0.74,0.27,n.d.
J16,616667,3309875,2013,wet,8.06,72.95,15.56,1.81,20.75,0.8,6.24,329.34,0.74,0.31,n.d.
J16,616667,3309875,2014,dry,7.87,67,18.87,0.98,23.58,1.39,1,374.54,1.22,0.32,n.d.
J16,616667,3309875,2014,wet,7.86,69.74,18.48,1.33,46.35,2.78,50,340,0.52,0.23,n.d.
J17,623112,3295371,1992,dry,7.9,62.7,18.5,3,46.4,3.8,5,392.5,0.8,0.28,n.d.
J17,623112,3295371,1993,dry,7.4,59.4,17,2,40,5,5,375,1.2,0.2,0.12
J17,623112,3295371,1994,dry,7.3,59.4,17.5,2,38.4,3.8,2.5,365,1.6,0.24,0.18
J17,623112,3295371,1994,wet,7.7,42,19,1.9,43,8.8,2.5,320,0.5,0.2,0.12
J17,623112,3295371,1995,dry,7.4,57.7,17.5,2.17,37.8,2.5,2.5,362.5,0.4,0.24,0.2
J17,623112,3295371,1995,wet,7.5,60.2,18,1.9,36.9,6.3,0.3,360.2,0.9,0.12,0.28
J17,623112,3295371,1996,dry,8,51.94,16.5,2.4,36,5,1,310.02,0.6,0.24,0.36
J17,623112,3295371,1996,wet,8.6,60.19,15.5,1.8,35.8,6.25,1,340.02,0.42,0.24,0.3
J17,623112,3295371,1997,dry,7.42,59.36,17.5,1.69,38,2.5,1,357.52,0.5,0.32,0.12
J17,623112,3295371,1997,wet,7.7,59.36,16,1.7,36.5,3.75,1,355.02,0.9,0.12,n.d.
J17,623112,3295371,1998,dry,7.09,60.19,17,2.2,37.5,3.75,1,367.52,0.6,0.12,0.22
J17,623112,3295371,1998,wet,7.71,58.54,16,1.9,34,7.5,3.6,350.02,0.6,0.28,0.3
J17,623112,3295371,1999,dry,7.38,58.54,18,2.2,36.8,2.5,0.6,365.02,0.7,0.16,0.26
J17,623112,3295371,1999,wet,7.74,59.36,16,2.2,42.8,3.75,1,362.52,0.5,0.24,0.36
J17,623112,3295371,2000,dry,7.69,58.54,15.5,1.78,37.5,3.75,1,350.02,0.8,0.2,0.28
J17,623112,3295371,2000,wet,7.6,60.19,17,1.8,35.56,3.75,1,365.02,0.44,0.24,0.32
J17,623112,3295371,2001,dry,7.87,56.89,15.5,1.5,40.83,5,1,360.02,1.1,0.28,0.32
J17,623112,3295371,2001,wet,8.41,34.63,17,2.09,38.46,5,1,270.005,0.48,0.16,0.1
J17,623112,3295371,2002,dry,7.49,59.36,16.5,3.523,37.933,6.25,0.4,357.52,0.8,0.24,n.d.
J17,623112,3295371,2002,wet,8.03,40.4,16.5,2.31,37.74,7.5,0.5,270.005,1.4,0.32,n.d.
J17,623112,3295371,2003,dry,7.71,59.36,16,1.75,37.8,7.5,0.4,357.52,1.4,0.28,0.22
J17,623112,3295371,2003,wet,7.92,52.77,16.5,1.81,39.8,11.25,1,332.52,2.4,0.2,0.26
J17,623112,3295371,2004,dry,8.41,56.07,23,1.57,38.16,2.5,1,340.02,1.3,0.16,0.34
J17,623112,3295371,2004,wet,8.28,32.16,15,1.67,38.08,3.75,0.5,252.51,2.6,0.2,0.16
J17,623112,3295371,2005,dry,7.7,59.36,17,1.66,37.24,3.75,0.6,360,1.4,0.12,0.2
J17,623112,3295371,2005,wet,8.18,55.24,16,1.64,37.61,6.25,0.2,340,1.4,0.28,0.26
J17,623112,3295371,2006,dry,8.32,58.54,18,1.53,33.88,3.75,1,345,2.1,0.24,0.12
J17,623112,3295371,2006,wet,8.19,47,21.5,1.76,35.16,6.25,1,335,1.6,0.24,0.16
J17,623112,3295371,2007,dry,8.35,59.36,19,1.6,37.25,3.75,1,345,4.4,0.24,0.25
J17,623112,3295371,2007,wet,8.38,51.12,15,1.46,38.19,1.25,1,310,1.2,0.22,n.d.
J17,623112,3295371,2008,dry,7.82,58.54,16.5,1.71,36.94,2.5,1,347.5,1.4,0.28,0.16
J17,623112,3295371,2008,wet,8.26,56.89,16.5,1.67,38.14,6.25,1,332.5,1.3,0.16,0.17
J17,623112,3295371,2009,dry,7.02,123.68,52.5,4.11,12.74,6.25,1,765,6.4,0.12,21.74
J17,623112,3295371,2009,wet,8.45,48.65,19,1.9,38.98,6.25,1,325,1.2,0.28,0.16
J17,623112,3295371,2010,dry,7.79,57.71,17,1.74,37.01,3.75,1,360,1,0.12,0.19
J17,623112,3295371,2010,wet,8.19,53.39,17.5,1.52,34.08,3.75,1,325,1.7,0.24,0.03
J17,623112,3295371,2011,dry,7.68,52.77,21,0.74,48.15,1.25,1,400,1.4,0.32,0.06
J17,623112,3295371,2011,wet,7.76,54.48,16.99,2.15,36.89,5.59,1,355.18,0.98,0.34,n.d.
J17,623112,3295371,2012,dry,7.76,56.4,24.71,2.73,38.51,2.8,1,397.09,1,0.25,0.16
J17,623112,3295371,2012,wet,7.93,54.05,15.2,2.19,39,5.6,1,348.79,1.41,0.25,n.d.
J17,623112,3295371,2013,dry,8.05,59.32,17.5,2.67,38.32,2.93,1,389.12,1.25,0.26,n.d.
J17,623112,3295371,2013,wet,8.07,59.32,19.45,1.96,47.28,0.94,8.96,364.63,0.29,0.36,n.d.
J17,623112,3295371,2014,dry,7.5,57.42,17.9,1.86,38.89,5.56,1,374.54,0.64,0.24,0.23
J17,623112,3295371,2014,wet,7.93,46.49,17.99,2.32,37.98,5.56,1,315.72,0.9,0.23,n.d.
J18,635906,3290249,1993,dry,6.9,162.4,49,5.4,18.4,0.01,2.5,882.5,26,0.12,12
J18,635906,3290249,1993,wet,7.3,122,46,4.3,16.4,1.2,2.5,687.5,24,0.12,18
J18,635906,3290249,1994,wet,7.1,160.8,52.5,5.7,17.9,2.5,2.5,925,3.6,0.12,25
J18,635906,3290249,1998,wet,7.24,115.43,48.5,4.3,12.3,1.25,1,732.54,18,0.08,33.55
J18,635906,3290249,1999,dry,7.24,115.43,48.5,4.3,12.3,1.25,1,732.54,18,0.08,33.55
J18,635906,3290249,1999,wet,7.34,122.85,45,4.5,14.9,2.5,1,760.04,6.4,0.16,32
J18,635906,3290249,2000,dry,6.94,140.99,52,4.72,17.35,5,1,880.04,8.8,0.12,50
J18,635906,3290249,2000,wet,7.17,122.85,44.5,4,13.33,1.25,1,707.54,4.4,0.12,20
J18,635906,3290249,2001,dry,8.01,119.55,43,3.93,14.17,5,1,650.03,7.2,0.16,21
J18,635906,3290249,2001,wet,7.5,117.9,46,4.91,13.85,1.25,1,652.53,11.28,0.12,22
J18,635906,3290249,2002,dry,7.26,148.41,44,5.899,14.935,6.25,0.4,740.04,7,0.12,10.87
J18,635906,3290249,2002,wet,8.05,98.94,46,3.52,12.43,1.25,0.5,495.02,6.8,0.16,0.08
J18,635906,3290249,2003,dry,7.55,120.38,42,3.56,11.89,5,0.2,670.03,5,0.24,13.98
J18,635906,3290249,2003,wet,7.9,113.78,42.5,3.68,13.13,3.75,1,652.53,4.8,0.12,13.98
J18,635906,3290249,2004,dry,8.23,112.96,43,2.63,11.96,2.5,1,622.53,5.6,0.08,19
J18,635906,3290249,2004,wet,8.22,85.75,40,3.23,11.77,1.25,0.5,535.03,5.2,0.08,16
J18,635906,3290249,2005,dry,7.45,122.03,40.5,3,11.84,1.25,0.6,662.5,5.2,0.08,14.5
J18,635906,3290249,2005,wet,8.12,112.96,41,2.97,10.95,3.75,0.2,620,5.4,0.12,15.5
J18,635906,3290249,2006,dry,8.41,119.55,40.5,2.97,10.21,7.5,1,620,5.6,0.12,10.09
J18,635906,3290249,2006,wet,8.28,84.92,57,2.8,10.33,6.25,1,585,6,0.16,9.32
J18,635906,3290249,2007,dry,7.83,118.83,42,2.88,15.54,25,1,575,17,0.14,1.4
J18,635906,3290249,2007,wet,7.83,118.73,39.5,4.18,14.14,3.75,2,642.5,2.6,0.08,8.54
J18,635906,3290249,2008,dry,7.16,132.74,40,3.98,15.93,2.5,1,682.5,2.8,0.08,4.35
J18,635906,3290249,2008,wet,7.28,117.9,40.5,2.79,9.86,2.5,1,630,5.4,0.08,10.09
J18,635906,3290249,2009,dry,7.39,145.11,53.5,3.99,20.23,7.5,1,845,5.6,0.08,15.53
J18,635906,3290249,2009,wet,8.29,127.7,40.5,3.47,13.22,5,1,667.5,2.4,0.16,21.74
J19,654536.37,3316624.05,1993,wet,7.5,124.5,34,1.4,13.6,1.2,2.5,577.5,2.2,0.16,0.1
J19,654536.37,3316624.05,1995,dry,7.1,128.6,33,2.66,13.3,1.2,2.5,597.5,3.1,0.12,0.2
J19,654536.37,3316624.05,1996,dry,7.1,134.39,30,2.2,15.6,2.5,n.d.,600.03,1.4,0.16,0.24
J19,654536.37,3316624.05,1996,wet,7,136.87,31,2.4,14,1.25,1,600.03,2,0.2,n.d.
J19,654536.37,3316624.05,1997,dry,7.29,135.22,27.5,2.29,12.73,1.25,3,585.03,1.7,0.12,n.d.
J19,654536.37,3316624.05,1997,wet,7.6,130.27,30.5,2.14,12.41,0.01,1,587.53,2,0.2,0.16
J19,654536.37,3316624.05,1998,dry,7.13,135.22,30,2.7,14.3,1.25,1,590.03,1.6,0.12,0.2
J19,654536.37,3316624.05,1998,wet,7.54,124.5,40,2.2,11.7,2.5,3.2,577.53,1.8,0.24,0.24
J19,654536.37,3316624.05,1999,dry,7.59,126.97,29.5,1.4,14.5,1.25,1,565.03,2.4,0.24,0.34
J19,654536.37,3316624.05,1999,wet,7.5,133.57,29,2,16.2,1.25,1,597.53,2.8,0.28,0.02
J19,654536.37,3316624.05,2000,dry,7.84,121.2,28,1.78,13.12,1.25,1,545.03,3.2,0.24,0.56
J19,654536.37,3316624.05,2000,wet,7.74,106.36,32,1.7,14.44,1.25,1,520.03,2.4,0.24,0.48
J19,654536.37,3316624.05,2001,dry,7.43,134.39,28.5,1.82,14.62,1.25,1,590.03,2.3,0.28,0.4
J19,654536.37,3316624.05,2001,wet,7.54,131.1,29.5,1.9,13.57,2.5,1,572.53,2.4,0.24,0.44
J19,654536.37,3316624.05,2002,dry,7.22,90.69,29,2.038,13.435,6.25,0.4,440.02,2.6,0.2,n.d.
J19,654536.37,3316624.05,2002,wet,7.51,89.87,28.5,2.016,14.58,3.75,0.5,445.02,2.6,0.28,n.d.
J19,654536.37,3316624.05,2003,dry,7.49,135.22,28,1.87,13.62,6.25,0.2,590.03,2.4,0.28,0.28
J19,654536.37,3316624.05,2003,wet,7.39,112.13,29,1.83,14.93,2.5,2,510.03,2.4,0.16,0.06
J19,654536.37,3316624.05,2004,dry,7.88,102.24,29,1.59,14.14,1.25,1,485.02,2.4,0.12,0.46
J19,654536.37,3316624.05,2004,wet,7.98,111.31,32,1.86,13.93,1.25,1,520.03,2.2,0.2,0.52
J19,654536.37,3316624.05,2005,dry,7.75,136.04,28.5,2.7,14.66,1.25,2,590,4.2,0.24,0.36
J19,654536.37,3316624.05,2005,wet,7.59,76.68,29,1.73,14,2.5,0.2,410,2.6,0.24,0.02
J19,654536.37,3316624.05,2006,dry,7.63,135.22,28.5,1.7,13.36,1.25,1,582.5,2.4,0.24,0.28
J19,654536.37,3316624.05,2006,wet,8.2,93.99,44.5,2.33,11.53,2.5,1,517.5,0.04,0.16,0.16
J19,654536.37,3316624.05,2007,dry,7.51,135.22,28,1.66,15.73,1.25,1,600,2.2,0.36,0.56
J19,654536.37,3316624.05,2007,wet,7.7,121.2,32,1.93,11.15,1.25,1,567.5,2.2,0.08,n.d.
J19,654536.37,3316624.05,2008,dry,8.2,131.1,29,2.23,11.33,1.25,1,555,1.6,0.08,0.23
J19,654536.37,3316624.05,2008,wet,7.42,125.32,32,2.09,11.98,1.25,1,567.5,1.7,0.12,0.06
J19,654536.37,3316624.05,2009,dry,7.5,71.73,10,0.5,14.3,15,14,260,n.d.,0.12,n.d.
J19,654536.37,3316624.05,2009,wet,8.12,92.34,35,2.08,8.31,8.75,1,462.5,2.2,0.12,3.11
J19,654536.37,3316624.05,2010,dry,7.68,133.57,28,2.04,9.95,1.25,1,575,1.8,0.2,0.28
J19,654536.37,3316624.05,2010,wet,7.33,144.29,30.5,1.63,13.58,6.25,1,592.5,1.6,0.32,0.06
J19,654536.37,3316624.05,2011,dry,7.53,136.04,28,1.93,10.24,1.25,1,580,1.8,0.12,0.06
J19,654536.37,3316624.05,2011,wet,7.66,131.3,29.27,2.73,12.63,4.19,1,596.19,1.35,0.23,n.d.
J19,654536.37,3316624.05,2012,dry,7.75,131.6,37.06,3.24,13.16,2.8,1,601.66,1.52,0.15,0.16
J19,654536.37,3316624.05,2012,wet,7.75,98.7,26.61,2.25,16.48,5.6,1,496.58,1.65,0.31,n.d.
J19,654536.37,3316624.05,2013,dry,7.6,128.26,26.25,1.31,14.44,2.93,1,583.68,1.2,0.74,n.d.
J19,654536.37,3316624.05,2013,wet,7.46,133.07,23.34,1.75,13.37,1.18,n.d.,542.41,2.4,0.61,n.d.
J19,654536.37,3316624.05,2014,dry,7.33,139.58,29.99,2.05,16.11,2.78,1,636.72,1.42,0.15,0.39
J19,654536.37,3316624.05,2014,wet,7.65,72.14,29.17,2.5,14.93,2.78,1,400.72,1.74,0.26,0.39
J2,576686.45,3369255.72,1992,dry,7.3,56.1,27.5,1,36.4,2.5,7.5,390,n.d.,0.32,n.d.
J2,576686.45,3369255.72,1992,wet,7.3,59.4,27,1.3,27.5,3.8,10,395,1.2,0.4,n.d.
J2,576686.45,3369255.72,1993,dry,7.5,61.8,30,1.1,28,1.2,5,397.5,2.4,0.36,0.04
J2,576686.45,3369255.72,1993,wet,7.9,53.6,26.5,1.3,28,1.2,2.5,360,0.6,0.32,n.d.
J2,576686.45,3369255.72,1994,dry,7.5,57.7,28,1,27.3,1.2,7.5,395,5,0.36,n.d.
J2,576686.45,3369255.72,1994,wet,7.5,59.4,28,1.5,30,1.2,7.5,380,1.08,0.48,n.d.
J2,576686.45,3369255.72,1995,dry,7.3,57.7,28.5,1.26,30,6.2,10,380,2.2,0.4,n.d.
J2,576686.45,3369255.72,1995,wet,7.3,60.2,28,1.6,31.4,2.5,12.5,387.7,1,0.4,0.02
J2,576686.45,3369255.72,1996,dry,7.7,58.54,31,1.3,29,2.5,18,382.52,0.6,0.24,n.d.
J2,576686.45,3369255.72,1996,wet,7.4,61.84,27.5,1.15,27.7,5,10,377.52,0.9,0.28,0.02
J2,576686.45,3369255.72,1997,dry,7.4,60.19,27,1.05,28.65,2.5,10,375.02,1.4,0.32,n.d.
J2,576686.45,3369255.72,1997,wet,8.4,42.05,26,1.07,26.9,1.25,7,310.02,0.4,0.32,n.d.
J2,576686.45,3369255.72,1998,dry,6.97,57.72,27.5,1.2,29.8,2.5,2,387.52,0.4,0.24,n.d.
J2,576686.45,3369255.72,1998,wet,6.71,31.33,24,1.11,28.93,2.5,7.2,275.01,1,0.32,n.d.
J2,576686.45,3369255.72,1999,dry,7.31,57.72,26.5,1.4,28.8,5,18,377.52,0.6,0.32,n.d.
J2,576686.45,3369255.72,1999,wet,8.15,57.72,26.5,1.2,30,3.75,10,355.02,0.6,0.36,0.02
J2,576686.45,3369255.72,2000,dry,7.3,57.72,26.5,1.25,28.24,1.25,16.8,370.02,0.5,0.36,n.d.
J2,576686.45,3369255.72,2000,wet,8.16,55.24,26.5,1.89,24.17,3.75,6,357.52,0.44,0.32,n.d.
J2,576686.45,3369255.72,2001,dry,7.31,58.54,29,1.25,28.57,2.5,6,377.52,0.6,0.4,n.d.
J2,576686.45,3369255.72,2001,wet,7.34,60.19,27,1.25,28,3.75,5,372.52,0.6,0.4,0.24
J2,576686.45,3369255.72,2002,dry,7.54,49.47,26.5,1.8,30.419,5,10,350.02,0.6,0.36,n.d.
J2,576686.45,3369255.72,2002,wet,7.7,55.24,26.5,1.89,24.17,3.75,6,357.52,0.44,0.32,n.d.
J2,576686.45,3369255.72,2003,dry,7.69,61.01,27,1.42,28.08,6.25,8,385.02,0.6,0.32,n.d.
J2,576686.45,3369255.72,2003,wet,7.89,51.12,25.5,1.17,30.17,3.75,6,347.52,0.6,0.36,0.03
J2,576686.45,3369255.72,2004,dry,8.3,55.24,28.5,1.05,28.25,2.5,10,345.02,0.6,0.32,n.d.
J2,576686.45,3369255.72,2005,dry,7.74,58.54,27.5,1.1,28.83,1.25,6,380,0.6,0.32,n.d.
J2,576686.45,3369255.72,2005,wet,8.35,50.29,26.5,1.1,26.93,1.25,14,315,0.4,0.36,n.d.
J2,576686.45,3369255.72,2006,dry,8.58,61.84,25.5,1.01,27.22,1.25,13,362.5,0.4,0.36,n.d.
J2,576686.45,3369255.72,2006,wet,8.28,54.42,27.5,1.12,27.74,6.25,1,352.5,0.6,0.28,n.d.
J2,576686.45,3369255.72,2007,dry,8.34,57.71,27,1.08,28.35,1.25,4,365,0.6,0.12,0.03
J2,576686.45,3369255.72,2007,wet,8.65,44.52,26,1,27.82,1.25,10,317.5,0.6,0.24,n.d.
J2,576686.45,3369255.72,2008,dry,8.39,59.36,26,1.27,27.26,1.25,5,365,1.2,0.32,n.d.
J2,576686.45,3369255.72,2008,wet,8.41,57.71,26,1.29,27.74,2.5,8,357.5,0.8,0.4,n.d.
J2,576686.45,3369255.72,2009,dry,7.32,136.87,24,0.88,12.09,1.25,1,570,3,0.1,0.47
J2,576686.45,3369255.72,2009,wet,7.78,80.8,29.5,1,16.94,15,1,425,5.6,0.2,n.d.
J2,576686.45,3369255.72,2010,dry,6.9,115.43,29,1.49,19.45,15,6,510,0.6,0.28,0.22
J2,576686.45,3369255.72,2010,wet,7.37,84.1,41,1.57,11.96,25,1,445,4,0.2,n.d.
J2,576686.45,3369255.72,2011,dry,6.94,136.04,29.5,1.21,18.39,43.75,4,512.5,n.d.,0.28,0.12
J2,576686.45,3369255.72,2011,wet,7.57,109.73,32.57,1.33,16.1,11.17,1,532.76,3.11,0.23,n.d.
J2,576686.45,3369255.72,2012,dry,7.72,114.37,33.26,2.2,21.62,14,10,541.49,0.14,0.32,0.08
J2,576686.45,3369255.72,2012,wet,7.67,117.5,31.36,1.87,31.52,19.59,25,567.52,0.13,0.35,n.d.
J2,576686.45,3369255.72,2013,dry,8.1,116.23,30.14,2.05,20.28,13.18,0.5,565.99,0.05,0.3,0.23
J2,576686.45,3369255.72,2013,wet,7.35,128.26,26.74,2.85,20.17,15.45,11.8,570.47,0.1,0.34,0.47
J2,576686.45,3369255.72,2014,dry,7.37,114.85,29.99,1.6,20.98,11.12,4,549.33,0.07,0.32,0.08
J2,576686.45,3369255.72,2014,wet,7.54,86.57,30.63,2.11,23.68,25.03,4.8,406.79,0.05,0.27,n.d.
J20,695347,3309535,1992,wet,7.5,134.4,31.5,1.1,15,1.2,2.5,615,2.8,0.2,0.12
J20,695347,3309535,1993,dry,7.1,139.3,29.5,1,15.8,1.2,2.5,625,2.8,0.2,0.24
J20,695347,3309535,1993,wet,7.6,131.1,30.5,1.1,15.5,1.2,2.5,597.5,3.6,0.16,0.12
J20,695347,3309535,1994,dry,7.6,103.1,30,1.3,15.3,2.5,5,512.5,2.8,0.16,1.6
J20,695347,3309535,1994,wet,7,137.7,29.5,1.7,17.5,1.2,2.5,610,2.4,0.52,0.04
J20,695347,3309535,1995,dry,7,140.2,29,0.7,14.7,2.5,7.5,620,2.8,0.24,0.76
J20,695347,3309535,1995,wet,7.1,141,33,1.4,19.3,3.8,2.5,610.3,2.8,0.4,0.6
J20,695347,3309535,2001,wet,7.36,126.97,28.5,1.11,15,3.75,1,585.03,2.6,0.2,0.88
J20,695347,3309535,2002,dry,7.3,136.04,28,1.498,16.015,6.25,0.2,592.53,3,0.16,0.75
J20,695347,3309535,2002,wet,7.7,108.83,28.5,1.29,14.84,2.5,0.2,505.03,5.6,0.16,0.4
J20,695347,3309535,2003,dry,7.18,136.87,29,1.08,15.33,7.5,0.2,597.53,3.6,0.2,0.56
J20,695347,3309535,2003,wet,7.39,110.48,31.5,1.01,16.81,11.25,1,530.03,3.2,0.24,0.06
J20,695347,3309535,2004,dry,7.79,120.38,27,1.6,16.67,3.75,1,540.03,2.8,0.16,1
J20,695347,3309535,2004,wet,7.83,108.01,28,1.07,15.62,3.75,0.4,502.53,2.2,0.2,0.2
J20,695347,3309535,2005,dry,7.41,135.22,32.5,0.9,15.19,1.25,3,592.5,2.8,0.16,1
J20,695347,3309535,2005,wet,7.5,119.55,29.5,0.98,15.68,5,0.4,560,3.2,0.26,0.72
J20,695347,3309535,2006,dry,7.95,135.22,28,0.95,15.7,2.5,1,575,2.8,0.16,0.47
J20,695347,3309535,2006,wet,7.52,89.05,30,1.12,15.8,8.75,1,432.5,0.6,0.24,n.d.
J20,695347,3309535,2007,dry,7.91,138.52,29,0.93,14.97,2.5,1,600,4.4,0.24,1.09
J20,695347,3309535,2007,wet,8.25,96.47,28.5,0.93,13.42,15,1,447.5,2.6,0.12,0.56
J20,695347,3309535,2008,dry,7.42,131.1,25.5,1.15,14.86,3.75,1,557.5,2.8,0.12,0.75
J20,695347,3309535,2008,wet,7.47,127.8,36,0.98,15.78,3.75,2,585,3.4,0.2,0.78
J20,695347,3309535,2009,dry,7.39,145.11,53.5,0.93,20.23,7.5,1,845,5.6,0.08,15.53
J20,695347,3309535,2009,wet,7.98,135.22,51,1.16,13.51,18.75,1,670,2.2,0.12,18.44
J20,695347,3309535,2010,dry,7.3,143.46,28,1.07,14.23,5,4,597.5,2.8,0.2,0.5
J20,695347,3309535,2010,wet,7.28,140.17,29.5,1.11,14.86,6.25,1,600,1.6,0.28,0.62
J20,695347,3309535,2011,dry,7.36,140.17,28,0.93,14.72,3.75,1,607.5,5,0.16,0.7
J20,695347,3309535,2011,wet,7.31,130.75,30.68,1.42,16.14,4.19,1,621.56,2.24,0.26,0.4659
J20,695347,3309535,2012,dry,7.7,136.3,32.31,0.99,16.76,8.4,1,601.66,3.59,0.12,0.7
J20,695347,3309535,2012,wet,7.79,86.95,24.23,1.45,18.22,5.6,1,437.46,2.05,0.13,n.d.
J20,695347,3309535,2013,dry,7.5,142.68,31.6,1.38,16.5,8.79,1,654.43,3.05,0.27,n.d.
J20,695347,3309535,2013,wet,7.44,145.89,33.06,2.24,14.49,3.41,n.d.,629.28,4.25,0.26,n.d.
J20,695347,3309535,2014,dry,7.72,141.17,32.9,1.24,17.54,5.56,0.4,667.93,2.63,0.35,1.01
J20,695347,3309535,2014,wet,7.44,144.28,32.58,1.42,17.24,5.56,1,649.65,5.46,0.26,0.31
J21,707152,3291489,1992,dry,7.3,156.6,41,4.4,21.1,1.2,2.5,772.5,3.6,0.08,5
J21,707152,3291489,1992,wet,7,167.4,46,3.5,18,1.2,1,840,3,0.12,6.4
J21,707152,3291489,1993,dry,7.7,144.3,44,3.4,21,1.2,2.5,757.5,3.2,0.12,1.4
J21,707152,3291489,1993,wet,7.5,138.5,44.5,3.4,19,0.01,n.d.,722.5,3.4,0.12,6.8
J21,707152,3291489,1994,wet,7.4,163.2,46,4.2,19.4,0.01,2.5,812.5,2.56,0.48,5
J21,707152,3291489,1995,dry,7.3,163.2,46,2.4,16.7,1.2,10,795,2.4,0.16,8
J21,707152,3291489,1995,wet,7.5,167.4,45.5,3.9,22.3,1.3,2.5,770.4,3.4,0.2,n.d.
J21,707152,3291489,1996,dry,6.9,170.67,45,4.7,20.8,3.75,2.5,827.54,2.9,0.16,6.4
J21,707152,3291489,1996,wet,7,174.79,48.5,3.5,18.9,1.25,2,822.54,3.4,0.08,6
J21,707152,3291489,1997,dry,7.77,145.11,40.5,3.65,15.8,1.25,1,727.54,2.6,0.08,6.8
J21,707152,3291489,1997,wet,7.54,158.3,50,3.43,17.93,1.25,1,812.54,3.6,0.12,7.5
J21,707152,3291489,1998,dry,7.22,155.01,42.5,4.1,17.8,1.25,1,752.54,1.8,0.08,6.4
J21,707152,3291489,1998,wet,7.28,136.04,53,3.7,14.8,2.5,3.2,735.04,2,0.12,8
J21,707152,3291489,1999,dry,7.36,161.6,44,3.6,18.8,1.25,1,792.54,4.8,0.16,8.44
J21,707152,3291489,1999,wet,7.48,149.23,44.5,3,20.6,2.5,1,760.04,3.4,0.08,7
J21,707152,3291489,2000,dry,8.03,149.23,42,3.11,19.38,2.5,1,740.04,3.6,0.12,8
J21,707152,3291489,2000,wet,7.41,169.85,44.5,3.6,21.11,2.5,1,825.04,2.1,0.12,8.5
J21,707152,3291489,2001,dry,7.72,120.38,45,3.64,20,2.5,1,667.53,2.1,0.2,8.4
J21,707152,3291489,2001,wet,7.35,152.53,39,2.9,20.71,2.5,1,737.54,6,0.08,6.5
J21,707152,3291489,2002,dry,7.1,140.99,54,4.92,16.215,5,1,840.04,15.95,0.12,27.95
J21,707152,3291489,2002,wet,7.9,135.22,55.5,5.45,3.75,3.75,0.4,812.54,8.5,0.16,17.08
J21,707152,3291489,2003,dry,7.67,141.81,52.5,4.17,15.3,6.25,1,830.04,8,0.08,24.85
J21,707152,3291489,2003,wet,7.58,138.52,53.5,4.34,16.82,3.75,1,815.04,11.2,0.12,14.75
J21,707152,3291489,2004,dry,7.67,121.2,52.5,4.32,16.1,3.75,1,762.54,6,0.08,24
J21,707152,3291489,2004,wet,8.2,133.57,52,3.83,16.89,3.75,0.4,785.04,4,0.28,26
J21,707152,3291489,2005,dry,8.16,131.92,54.5,3.48,15.88,2.5,0.6,792.5,9.6,0.08,24
J21,707152,3291489,2005,wet,7.74,102.24,55,3.72,16.75,6.25,0.2,715,10.4,0.12,23
J21,707152,3291489,2006,dry,7.54,134.39,55.5,3.89,14.7,1.25,1,800,5.6,0.08,20.19
J21,707152,3291489,2006,wet,7.62,68.43,70,4.3,17.58,3.75,1,625,12.5,0.16,12.42
J21,707152,3291489,2007,dry,8.08,141.81,51,2.62,16.94,1.25,1,795,12.5,0.32,13.98
J21,707152,3291489,2007,wet,8.59,93.99,52,3.83,15.54,7.5,1,590,12.8,0.08,17.08
J21,707152,3291489,2008,dry,7.37,143.46,51,3.75,16.65,2.5,1,797.5,15,0.12,12.42
J21,707152,3291489,2008,wet,7.71,99.76,58.5,3.45,18.74,7.5,4,692.5,13,0.12,18.64
J21,707152,3291489,2009,dry,7.72,168.2,43,2.43,29.06,70,20,680,6.4,0.12,0.78
J21,707152,3291489,2009,wet,7.46,139.34,47.5,1.18,12.85,10,1,740.5,2.2,0.16,0.25
J21,707152,3291489,2010,dry,7.29,141.81,49.41,3.09,18.64,3.2,1,770,10.5,0.12,6.83
J21,707152,3291489,2010,wet,7.39,131.92,45.5,1.92,13.78,3.9,1,682.5,6.5,0.12,15.53
J21,707152,3291489,2011,dry,7.2,142.64,48.5,5.14,18.3,3.4,1,790,6.2,0.08,15.53
J21,707152,3291489,2011,wet,7.66,129.97,43.9,1.66,13.25,4.36,1,704.01,4.09,0.22,5.4355
J21,707152,3291489,2012,dry,7.38,129.25,42.74,1.64,14.08,4.5,1,692.12,4.34,0.17,18.64
J21,707152,3291489,2012,wet,7.68,128.47,40.41,2.77,14.6,4.7,1,680.33,4.15,0.15,17.08
J21,707152,3291489,2013,dry,7.68,128.68,41.56,1.14,16.78,4.39,1,672.36,4.85,0.18,14.75
J21,707152,3291489,2013,wet,7.63,126.65,40.96,2.25,15.21,4.26,0.23,649.28,5.65,0.16,5.44
J21,707152,3291489,2014,dry,7.24,124.42,35.8,2.38,15.42,4.27,0.4,661.69,4.88,0.16,3.88
J21,707152,3291489,2014,wet,7.69,121.42,34.52,2.4,16.3,4.3,1,576.79,4.63,0.18,3.88
J22,721168,3321156,1992,dry,7.1,125.3,19,1.6,17.1,6.2,5,520,2.4,0.08,0.44
J22,721168,3321156,1992,wet,7.1,99.8,39.5,1.2,12.6,8.8,5,515,5.2,0.08,n.d.
J22,721168,3321156,1993,dry,7.7,114.6,19,1.1,13.2,7.5,2.5,480,2.4,0.12,2.6
J22,721168,3321156,1993,wet,7.4,103.9,19.5,1.1,13.6,7.5,2.5,437.5,2.4,0.12,0.12
J22,721168,3321156,1994,dry,7.4,139.3,19.5,1.3,13,7.5,5,540,2.2,0.12,0.17
J22,721168,3321156,1995,dry,7,143.5,18.5,0.8,12.3,5,2.5,562.5,2.4,0.12,0.64
J22,721168,3321156,1995,wet,7.2,164.9,23,1.7,25,30,2.5,617.8,3.1,n.d.,0.48
J22,721168,3321156,1996,dry,7.1,141.81,18,1.3,12.7,6.25,1,550.03,2.5,0.12,0.44
J22,721168,3321156,1996,wet,7.4,129.45,23,1.4,20.2,32.5,1,515.03,3,0.04,0.52
J22,721168,3321156,1997,dry,6.98,140.99,19,1.07,13.1,7.5,1,542.53,1.6,0.12,0.42
J22,721168,3321156,1997,wet,7.21,160.78,24.5,1.1,18.57,31.25,1,615.03,2.8,0.12,0.4
J22,721168,3321156,1998,dry,7.2,139.34,20,1.4,19.3,5,1,555.03,2.4,0.12,0.52
J22,721168,3321156,1998,wet,7.72,130.27,22,1.14,11.76,3.75,1,537.53,2,0.12,0.6
J22,721168,3321156,1999,dry,6.85,140.99,19.5,1.2,13.2,5,1,555.03,2.6,0.08,0.4
J22,721168,3321156,1999,wet,7.36,136.04,19,1.1,13.7,6.25,1,535.03,2,0.08,0.4
J22,721168,3321156,2000,dry,7.8,127.8,23,1.17,20,28.75,2,505.03,2.4,0.12,0.58
J22,721168,3321156,2000,wet,7.5,136.87,19,1.2,12.22,3.75,1,537.53,2.2,0.08,0.48
J22,721168,3321156,2001,dry,7.2,136.87,18.5,1.18,13.08,7.5,1,527.53,2.3,0.08,0.52
J22,721168,3321156,2001,wet,7.22,131.92,20.5,1.22,12.5,6.25,1,540.03,2.1,0.16,0.46
J22,721168,3321156,2002,dry,6.98,138.52,20.5,1.553,12.879,7.5,1,540.03,2.2,0.12,0.31
J22,721168,3321156,2002,wet,7.6,124.5,18.5,1.49,11.82,6.25,1,477.52,0.36,0.16,n.d.
J22,721168,3321156,2003,dry,7.9,140.17,18.5,1.43,13.09,8.75,1,540.03,2.2,0.08,0.43
J22,721168,3321156,2003,wet,7.48,102.24,17.5,1.16,13.53,7.5,1,427.52,2.2,0.12,0.25
J22,721168,3321156,2004,dry,8.3,135.22,18,1.16,13.34,6.25,1,507.53,2.4,0.16,0.56
J22,721168,3321156,2004,wet,8.12,74.21,18.5,1.11,12.54,6.25,0.5,330.02,2.2,0.12,n.d.
J22,721168,3321156,2005,dry,7.33,134.39,21.5,0.93,12.46,3.75,4,535,2.3,0.12,0.5
J22,721168,3321156,2005,wet,7.6,126.15,18,1.11,12.33,6.25,0.2,510,2.4,0.08,0.52
J22,721168,3321156,2006,dry,8.33,132.74,21,1.11,11.71,5,1,505,2.2,0.12,0.39
J22,721168,3321156,2007,dry,7.28,136.87,18.5,1.1,12.03,5,2,530,2.4,0.08,0.47
J22,721168,3321156,2007,wet,7.66,84.1,28.5,1.04,10.79,46.25,1,342.5,2.2,0.08,0.08
J22,721168,3321156,2008,dry,7.51,138.52,18,1.23,11.91,3.75,1,530,2.2,0.08,0.37
J22,721168,3321156,2008,wet,7.65,131.1,17.5,1,11.66,6.25,1,515,2.2,0.16,0.22
J22,721168,3321156,2009,dry,7.51,129.45,28.5,1.78,12.03,2.5,1,575,2,0.08,0.23
J22,721168,3321156,2009,wet,7.4,206.95,47.5,0.98,28.34,98.75,100,667.5,5.6,0.16,0.62
J22,721168,3321156,2010,dry,7.63,160.78,25.5,1.22,18.42,31.25,1,617.5,13,0.08,0.56
J22,721168,3321156,2010,wet,7.39,136.87,18.5,1.11,11.65,2.5,1,537.5,1.7,0.1,0.37
J22,721168,3321156,2011,dry,8.42,128.62,23.5,1.01,10.59,6.25,1,512.5,2,0.12,0.37
J22,721168,3321156,2011,wet,7.38,126.85,18.88,1.62,12.5,5.59,1,532.76,1.63,0.11,n.d.
J22,721168,3321156,2012,dry,7.64,162.93,25.66,1.62,20.72,39.19,1,625.72,2.53,0.04,0.7
J22,721168,3321156,2012,wet,7.76,151.96,25.18,1.55,15.79,16.79,8,614.81,2.29,0.11,n.d.
J22,721168,3321156,2013,dry,7.88,142.68,20.91,1.84,14.9,14.65,0.5,589.58,2.15,0.12,n.d.
J22,721168,3321156,2013,wet,7.68,115.43,19.45,2.48,11.33,3.4,6.09,488.13,2.06,0.09,0.47
J22,721168,3321156,2014,dry,7.57,137.98,23.7,1.39,14.84,11.12,2,574.3,1.96,0.06,0.16
J22,721168,3321156,2014,wet,7.5,133.87,20.91,1.76,12.49,5.56,1,546.43,1.91,0.12,n.d.
J23,743971,3306275,1992,dry,7.1,55.2,8.5,6.9,23.7,21.2,50,205,0.8,0.24,8.8
J23,743971,3306275,1992,wet,7.9,37.1,35,2.2,16,1.2,2.5,340,7.2,0.12,2.6
J23,743971,3306275,1993,dry,6.9,154.2,38,2.3,17.1,2.5,2.5,732.5,6.4,0.16,0.96
J23,743971,3306275,1993,wet,7.1,152.5,37.5,2.1,17.7,1.2,2.5,715,7.2,0.16,2.4
J23,743971,3306275,1994,wet,7.1,153.4,40,2.7,18.1,1.2,2.5,720,6.5,0.48,2.2
J23,743971,3306275,1995,dry,7.4,153.4,38.5,1.5,16.4,2.5,5,730,7.2,0.16,3.4
J23,743971,3306275,1995,wet,7,156.7,38,2.9,21.5,1.3,2.5,707.9,6.6,0.2,2.9
J23,743971,3306275,1996,dry,7.1,153.36,38,2.4,17.3,3.75,1,707.54,6.75,0.16,2.32
J23,743971,3306275,1996,wet,7,152.53,46.5,2.3,18.3,1.25,1,720.04,9.2,0.2,3.6
J23,743971,3306275,1997,wet,7.29,148.41,40,2.2,15.71,1.25,1,700.03,12,0.12,3.6
J23,743971,3306275,1998,dry,7.57,142.64,37.5,2.4,22.5,3.75,1,685.03,4.8,0.12,3.6
J23,743971,3306275,1998,wet,7.14,140.99,36.5,2.29,15.88,2.5,1,665.03,1.8,0.2,3.2
J23,743971,3306275,1999,dry,7.41,146.76,37,2.5,17.5,3.75,1,680.03,28,0.16,3.7
J23,743971,3306275,1999,wet,7.71,129.45,36,1.9,18.6,5,1,632.53,6.4,0.24,3.2
J23,743971,3306275,2000,dry,7.33,146.76,36.5,2.38,16.25,3.75,1,687.53,6,0.16,5.2
J23,743971,3306275,2000,wet,7.88,151.71,37.5,2.1,16.67,5,1,712.54,7.4,0.16,3.4
J23,743971,3306275,2001,dry,7.5,148.41,36,2.18,19.23,5,1,700.03,8.2,0.16,4
J23,743971,3306275,2001,wet,6.95,168.2,39.5,1.88,18.33,7.5,1,757.54,6.4,0.12,5
J23,743971,3306275,2002,dry,7,134.39,38,3.734,17.422,6.25,0.2,627.53,7.5,0.2,0.06
J23,743971,3306275,2002,wet,7.5,137.69,36.5,2.79,16.48,7.5,0.8,617.53,7,0.2,0.5
J23,743971,3306275,2003,dry,7.8,131.92,43.5,2.13,16.77,11.25,13,625.03,14,0.12,3.88
J23,743971,3306275,2003,wet,7.5,108.83,35.5,2.18,18.71,12.5,1,550.03,5.6,0.2,2.48
J23,743971,3306275,2004,dry,8.27,106.36,27.5,2.05,10.79,2.5,1,515.03,5.8,0.08,9
J23,743971,3306275,2004,wet,8.31,95.64,28,2.24,9.98,2.5,1,380.02,17,0.08,n.d.
J23,743971,3306275,2005,dry,7.09,107.19,32,2.28,10.3,1.25,2,547.5,16,0.12,14
J23,743971,3306275,2005,wet,7.46,112.96,27,2.43,10.03,5,0.2,540,18,0.08,13
J23,743971,3306275,2006,dry,7.89,179.74,37.5,1.11,25.45,46.25,150,470,n.d.,0.12,0.02
J23,743971,3306275,2006,wet,7.6,135.22,33,1.17,22.85,40,150,352.5,0.6,0.16,n.d.
J23,743971,3306275,2007,dry,7.53,191.28,46.5,0.87,22.91,110,100,560,7,0.08,0.5
J23,743971,3306275,2007,wet,7.38,209.42,49,0.79,23.06,110,100,602.5,6.5,0.08,n.d.
J23,743971,3306275,2008,dry,7.48,183.86,37.5,0.95,28.28,68.75,35,672.5,3,0.15,1.4
J23,743971,3306275,2008,wet,7.43,193.76,51.5,0.91,26.4,93.75,75,660,7,0.08,0.93
J23,743971,3306275,2009,wet,7.45,122.03,35.5,2.3,12.57,2.5,1,582.5,2,0.2,0.09
J23,743971,3306275,2010,dry,7.54,221.79,47.5,1.48,55.32,100,160,680,0.1,0.08,0.1
J23,743971,3306275,2010,wet,7.2,220.97,49.5,0.82,24.28,112.5,94,655,6,0.12,0.78
J23,743971,3306275,2011,dry,7.4,177.27,40.5,0.78,23.23,63.75,12,692.5,5.6,0.08,0.5
J23,743971,3306275,2011,wet,7.36,207.01,47.2,1.79,40.44,67.04,150,621.56,n.d.,0.07,n.d.
J23,743971,3306275,2012,dry,7.59,222.46,51.79,2.51,57.37,74.18,180,685.89,0.13,0.05,n.d.
J23,743971,3306275,2012,wet,7.7,216.2,41.81,1.92,50,50.38,175,650.28,0.28,0.07,n.d.
J23,743971,3306275,2013,dry,7.15,218.04,42.3,2.23,51.4,57.13,140,695.7,0.26,0.07,n.d.
J23,743971,3306275,2013,wet,7.26,173.95,37.92,2.64,46.67,38.77,138.47,517.54,0.28,0.03,n.d.
J23,743971,3306275,2014,dry,7.26,164.3,40.15,1.24,44.4,41.69,106.28,624.23,25.53,0.06,0.54
J23,743971,3306275,2014,wet,6.97,124.24,31.12,3.24,11.92,11.12,8,558.58,28.68,0.1,3.49
J24,758952.48,3341781.28,1992,dry,7.7,106.4,26.5,1.7,18,2.5,2.5,522.5,5.6,0.12,1.9
J24,758952.48,3341781.28,1992,wet,7,107.2,32,1.2,15.8,6.2,10,540,5.6,0.12,0.8
J24,758952.48,3341781.28,1993,dry,7.1,123.7,27,1.1,16.8,3.8,2.5,567.5,4.8,0.12,0.96
J24,758952.48,3341781.28,1993,wet,6.9,113.8,28,0.7,9.1,2.5,2.5,512.5,12,0.12,1.6
J24,758952.48,3341781.28,1994,wet,7.1,114.6,28,1.3,8.8,2.5,2.5,515,7.5,0.44,1.8
J24,758952.48,3341781.28,1995,dry,7.4,70.1,24,1.4,19.6,17.5,20,332.5,1.4,0.24,0.16
J24,758952.48,3341781.28,1995,wet,7,117.9,26.5,1.4,10.6,3.8,2.5,512.8,5.8,0.2,2.8
J24,758952.48,3341781.28,1996,dry,8,103.06,28.5,1.1,15.5,3.75,1,487.52,5,0.16,2.24
J24,758952.48,3341781.28,1997,dry,7.72,128.62,31.5,0.86,15.95,1.25,1,582.53,2.4,0.08,1.28
J24,758952.48,3341781.28,1997,wet,7.58,128.62,30,0.95,14.29,0.01,1,595.03,5.6,0.16,1.8
J24,758952.48,3341781.28,1998,dry,7.52,131.1,30.5,1.2,20.5,2.5,1,600.03,6,0.08,2
J24,758952.48,3341781.28,1998,wet,7.5,131.1,31,1.14,15.29,1.25,1,585.03,1.6,0.2,2.4
J24,758952.48,3341781.28,1999,dry,7.38,133.57,29.5,1.3,16.9,1.25,0.6,605.03,6,0.16,2.04
J24,758952.48,3341781.28,1999,wet,7.49,133.57,29,0.8,17.3,2.5,1,605.03,4.8,0.12,1.6
J24,758952.48,3341781.28,2000,dry,7.3,136.04,29,1.12,13.75,1.25,1,610.03,5.8,0.08,1.8
J24,758952.48,3341781.28,2000,wet,7.55,136.04,28.5,1,15.56,2.5,1,605.03,4.2,0.16,2.8
J24,758952.48,3341781.28,2001,dry,7.44,137.69,29.5,1.09,17.69,1.25,1,612.53,6.1,0.12,2
J24,758952.48,3341781.28,2001,wet,7,122.85,28,1.38,14.67,7.5,2,520.03,2,0.08,0.2
J24,758952.48,3341781.28,2002,dry,7.23,120.38,27.5,1.764,14.892,2.5,1,532.53,1.7,0.08,0.02
J24,758952.48,3341781.28,2002,wet,7.6,112.13,28,1.43,7.61,2.5,1.2,500.02,7,0.16,2.48
J24,758952.48,3341781.28,2003,dry,7.98,106.36,29,1.54,13.47,6.25,1,505.03,2,0.08,1.24
J24,758952.48,3341781.28,2003,wet,7.46,84.92,26,1.28,15.46,2.5,1,432.52,2,0.12,0.71
J24,758952.48,3341781.28,2004,dry,7.84,95.64,27.5,1.31,15.51,2.5,1,467.52,1.6,0.08,0.9
J24,758952.48,3341781.28,2004,wet,7.9,109.66,28,1.23,14.58,1.25,0.4,520.03,2,0.24,1.3
J24,758952.48,3341781.28,2005,dry,7.43,125.32,29.5,0.7,18.02,1.25,2,590,6,0.16,1.25
J24,758952.48,3341781.28,2005,wet,8.02,124.5,28.5,0.64,18.91,2.5,0.2,567.5,6,0.24,1.8
J24,758952.48,3341781.28,2006,dry,7.9,127.8,26,1.12,6.2,1.25,9,532.5,2.6,0.08,0.58
J24,758952.48,3341781.28,2006,wet,7.7,131.1,35,0.77,18.66,28.75,1,565,6.8,0.2,1.55
J24,758952.48,3341781.28,2007,dry,7.1,112.96,27,1.08,7.68,1.25,2,497.5,11,0.08,1.71
J24,758952.48,3341781.28,2007,wet,7.29,98.12,34,1,6.77,2.5,1,495,15.28,0.08,1.86
J24,758952.48,3341781.28,2008,dry,7.46,115.43,26,1.14,7.33,2.5,1,500,2.8,0.08,1.32
J24,758952.48,3341781.28,2008,wet,8.22,87.4,28,1.09,8.52,5,1,395,12.5,0.08,2.8
J24,758952.48,3341781.28,2009,dry,7.62,80.8,17,0.66,20.44,1.25,1,392.5,0.8,0.12,n.d.
J24,758952.48,3341781.28,2009,wet,7.52,139.34,34.5,1.19,16.88,5,40,582.5,4,0.2,0.78
J24,758952.48,3341781.28,2010,dry,7.2,126.97,27,1.08,5.39,1.25,1,535,3.2,0.2,0.78
J24,758952.48,3341781.28,2010,wet,8.28,122.03,30,0.93,7.25,2.5,1,505,3.8,0.08,1.24
J24,758952.48,3341781.28,2011,dry,7.36,126.15,27.5,1,6.04,1.25,1,542.5,3.6,0.08,0.78
J24,758952.48,3341781.28,2011,wet,7.42,129.19,28.32,1.49,7.41,2.79,1,539.11,3.54,0.04,n.d.
J24,758952.48,3341781.28,2012,dry,7.65,117.5,35.16,2.9,10.64,6.6,1,565.56,23.38,0.12,11.65
J24,758952.48,3341781.28,2012,wet,7.8,97.13,33.26,1.64,9.22,5.6,1,472.93,2.89,0.05,n.d.
J24,758952.48,3341781.28,2013,dry,7.75,126.65,27.23,1.75,8.68,4.39,1,571.89,2.55,0.06,0.78
J24,758952.48,3341781.28,2013,wet,7.24,145.89,26.25,4.76,8.88,6.22,6.03,635.16,21.7,0.05,10.09
J24,758952.48,3341781.28,2014,dry,7.41,126.02,28.06,1.56,8.82,2.78,2,568.05,2.71,0.03,0.93
J24,758952.48,3341781.28,2014,wet,7.46,125.05,28.2,1.83,7.66,2.78,1,546.43,2.69,0.1,0.7
J25,752711.53,3364435.24,1992,dry,7,135.2,28,1.3,12.6,7.5,7.5,595,2.88,0.12,1.7
J25,752711.53,3364435.24,1992,wet,7.1,136.9,28,1.2,10,7.5,7.5,602.5,2,0.08,1.7
J25,752711.53,3364435.24,1993,dry,7,136,30.5,1.5,10.6,5,2.5,600,2.4,0.08,0.8
J25,752711.53,3364435.24,1993,wet,7,136.9,29.5,1.4,11.4,6.2,7.5,580,2.4,0.12,1
J25,752711.53,3364435.24,1994,dry,7.6,87.4,28,1.7,9.6,7.5,2.5,440,2,0.08,0.86
J25,752711.53,3364435.24,1994,wet,7.5,88.2,29,1.8,10.6,6.2,2.5,437.5,1.8,0.32,1.08
J25,752711.53,3364435.24,1995,dry,6.9,136,29,2.1,11.9,8.8,10,597.5,2,0.08,1.8
J25,752711.53,3364435.24,1995,wet,7.3,138.5,28,2.2,14.5,6.3,2.5,590.3,2.8,n.d.,2.2
J25,752711.53,3364435.24,1996,dry,7.3,137.69,29.5,1.7,10.9,6.25,1,597.53,3.6,0.12,3
J25,752711.53,3364435.24,1996,wet,7,140.17,28,1.6,11.6,6.25,1,590.03,2.3,0.08,2
J25,752711.53,3364435.24,1997,dry,7.85,136.04,28,1.45,10.65,7.5,1,577.53,2.2,0.08,1.52
J25,752711.53,3364435.24,1997,wet,8.1,91.52,34,1.55,10,6.25,1,455.02,2.4,0.12,2.2
J25,752711.53,3364435.24,1998,dry,7.16,136.04,30,1.8,14.8,10,1,585.03,1.8,0.08,2
J25,752711.53,3364435.24,1998,wet,7.59,132.74,30.5,1.57,10,7.5,1,582.53,1.8,0.12,2.8
J25,752711.53,3364435.24,1999,wet,7.21,170.67,39.5,3.7,20.3,37.5,1,742.54,5.2,0.08,11
J25,752711.53,3364435.24,2000,dry,7.19,174.79,42.5,5.75,25,50,1,750.04,6,0.12,8.5
J25,752711.53,3364435.24,2000,wet,6.91,162.43,47,4.7,24.44,47.5,1,770.04,9.6,0.12,9
J25,752711.53,3364435.24,2001,dry,7.08,181.39,39.5,5,29.23,47.5,1,770.04,11,0.12,12
J25,752711.53,3364435.24,2001,wet,7.06,178.09,40,5,24.67,45,2,762.54,13.2,0.08,14
J25,752711.53,3364435.24,2002,dry,7.36,122.03,41.5,8.693,30.028,55,5.2,525.03,9,0.08,0.02
J25,752711.53,3364435.24,2002,wet,7.8,95.64,34.5,2.08,22.64,38.75,4.4,460.02,8,0.2,1.24
J25,752711.53,3364435.24,2003,dry,7.88,176.44,43.5,4.63,22.76,45,5,760.04,11,0.08,9.32
J25,752711.53,3364435.24,2003,wet,7.51,145.11,46,7.56,34.93,10,10,762.54,8.4,0.12,6.83
J25,752711.53,3364435.24,2004,dry,7.83,137.08,40.5,4.82,26.08,41.25,1,647.53,5.2,0.08,9
J25,752711.53,3364435.24,2004,wet,7.82,162.43,34.5,1.1,20.05,20,50,625.03,0.2,0.2,0.12
J25,752711.53,3364435.24,2005,dry,7.45,151.71,28.5,0.65,27.2,35,60,557.5,0.02,0.2,n.d.
J25,752711.53,3364435.24,2005,wet,7.67,131.92,41.5,5.22,27.17,51.25,0.2,632.5,10.4,0.12,10.5
J25,752711.53,3364435.24,2006,dry,7.97,178.09,43.5,7.32,31.24,57.5,1,747.5,16.4,0.08,4.97
J25,752711.53,3364435.24,2006,wet,7.57,110.48,60,2.37,55.78,162.5,20,500,23,0.12,4.97
J25,752711.53,3364435.24,2007,dry,7.83,142.64,39,0.68,26.39,42.5,52,535,0.12,0.12,n.d.
J25,752711.53,3364435.24,2007,wet,8.15,79.98,23.5,0.53,25.24,46.25,64,242.5,0.12,0.08,n.d.
J25,752711.53,3364435.24,2008,dry,7.29,165.72,29.5,0.63,25.84,46.25,80,530,0.8,0.22,n.d.
J25,752711.53,3364435.24,2008,wet,7.66,128.62,30,0.55,25.36,46.25,30,435,0.1,0.12,0.02
J25,752711.53,3364435.24,2009,dry,7.55,127.8,30,1.06,17.24,3.75,1,590,3.2,0.2,0.62
J25,752711.53,3364435.24,2009,wet,7.39,136.87,21,0.76,26.96,43.75,50,422.5,0.02,0.2,0.31
J25,752711.53,3364435.24,2010,dry,7.38,151.71,25,0.71,26.03,48.75,100,465,0.06,0.12,n.d.
J25,752711.53,3364435.24,2010,wet,7.47,151.71,25,0.63,26.4,56.25,60,437.5,0.18,0.2,n.d.
J25,752711.53,3364435.24,2011,dry,7.49,159.95,20,0.54,24.76,41.25,12,530,n.d.,0.12,0.06
J25,752711.53,3364435.24,2011,wet,7.59,105.84,28.79,0.98,31.5,16.76,27,437.63,0.07,0.18,n.d.
J25,752711.53,3364435.24,2012,dry,7.75,160.76,37.06,1.28,29.17,39.19,60,589.62,0.05,0.15,n.d.
J25,752711.53,3364435.24,2012,wet,7.58,150.4,35.63,2.72,0.92,47.59,60,508.4,0.16,0.12,n.d.
J25,752711.53,3364435.24,2013,dry,7.45,184.36,30.14,1.39,32.23,48.34,27.5,607.26,0.11,0.15,n.d.
J25,752711.53,3364435.24,2013,wet,7.28,144.28,33.06,1.71,26.97,43.59,60.98,488.13,0.13,0.1,n.d.
J25,752711.53,3364435.24,2014,dry,7.22,179.46,31.93,0.94,30.78,38.91,59.73,636.72,0.11,0.12,n.d.
J25,752711.53,3364435.24,2014,wet,7.84,92.99,15.07,3.95,23.39,25.03,50,297.5,0.74,0.65,n.d.
J26,703971,3364526,1992,dry,6.9,136,36,1.3,27.6,6.2,5,647.5,12,0.2,0.96
J26,703971,3364526,1993,dry,7.1,136.9,38,0.8,14.9,12.5,12.5,632.5,7.2,0.2,0.08
J26,703971,3364526,1993,wet,7.5,127.8,37.5,0.7,12.7,6.2,2.5,600,12,0.12,0.64
J26,703971,3364526,1994,wet,6.9,135.2,36.5,1,13.1,6.2,2.5,615,n.d.,0.48,0.4
J26,703971,3364526,1995,dry,6.9,132.7,35,1.3,14.8,10,7.5,635,10.7,0.2,1.04
J26,703971,3364526,1995,wet,7.4,103.1,19,1.7,23.5,1.3,2.5,452.7,2.58,0.2,1.44
J26,703971,3364526,1996,dry,8,115.43,25.5,2.3,10,3.75,1,482.52,6.25,0.12,5
J26,703971,3364526,1996,wet,7.4,102.24,23.5,1.7,20.4,1.25,2,487.52,1.8,0.08,2
J26,703971,3364526,1997,dry,7.14,98.94,24.5,1.29,20.13,2.5,1,472.52,1.6,0.08,1.24
J26,703971,3364526,1997,wet,8.1,89.05,29.5,1.3,18.57,0.01,1,455.02,2,0.12,1.8
J26,703971,3364526,1998,dry,6.89,104.71,23,2.1,21.6,1.25,1,485.02,2,0.08,1.2
J26,703971,3364526,1998,wet,7.53,95.64,28.5,1.43,20,1.25,1,470.02,1.8,0.12,2.2
J26,703971,3364526,1999,dry,7.18,99.76,24,1.7,20.8,2.5,1,480.02,1.7,0.16,1.58
J26,703971,3364526,1999,wet,7.04,93.99,23,1.3,21.4,2.5,1,465.02,1.4,0.08,1.2
J26,703971,3364526,2000,dry,7.72,96.47,22.5,1.44,20,1.25,1,462.52,1.4,0.12,1.6
J26,703971,3364526,2000,wet,7.3,86.57,23.5,1.4,23.33,1.25,1,447.52,1.6,0.08,1.3
J26,703971,3364526,2001,dry,7.01,117.08,24.5,2.58,11.43,5,1,525.03,8.4,0.08,6.4
J26,703971,3364526,2001,wet,7.58,96.47,23,1.5,22,2.5,1,465.02,1.8,0.08,1.8
J26,703971,3364526,2002,dry,7.95,83.27,23.5,2.011,22.422,2.5,1,420.02,1.4,0.08,1.71
J26,703971,3364526,2002,wet,7.5,79.98,25,2.24,24.75,1.25,0.4,442.52,1.4,0.08,1.09
J26,703971,3364526,2003,dry,7.97,75.85,25,1.43,20.52,6.25,1,400.02,1.2,0.08,1.4
J26,703971,3364526,2003,wet,7.25,65.14,22,1.35,25.54,10,1,367.52,1.4,0.08,1.09
J26,703971,3364526,2004,dry,8.28,95.64,24,1.3,21.14,2.5,1,450.02,1.4,0.08,1.7
J26,703971,3364526,2004,wet,8.1,119.55,25.5,1.98,10.12,2.5,1,512.53,2.4,0.08,5.2
J26,703971,3364526,2005,dry,7.62,98.94,23,1.42,22.2,1.25,1,472.5,1.8,0.08,1.4
J26,703971,3364526,2005,wet,8.05,84.92,25,1.38,21.35,5,0.2,435,1.6,0.12,1.2
J26,703971,3364526,2006,dry,8.32,94.82,23.5,1.38,22,1.25,1,457.5,1.4,0.12,0.74
J26,703971,3364526,2006,wet,8.1,65.14,24,1.36,23.77,30,1,320,1.2,0.12,1.09
J26,703971,3364526,2007,dry,7.62,89.05,21.5,1.38,23.54,2.5,1,442.5,0.9,0.08,1.32
J26,703971,3364526,2007,wet,8.23,56.89,26,1.3,19.47,11.25,1,340,1.4,0.08,1.71
J26,703971,3364526,2008,dry,7.5,67.61,39.5,1.54,21.88,1.25,2,457.5,1.6,0.08,1.4
J26,703971,3364526,2008,wet,8.32,85.75,22.5,1.38,21.53,2.5,1,410,1.4,0.24,1.16
J26,703971,3364526,2009,dry,7.38,160.78,30,0.93,34.84,55,60,572.5,n.d.,0.24,n.d.
J26,703971,3364526,2009,wet,8.46,105.54,26,1.6,18.36,10,1,450,2,0.24,1.55
J26,703971,3364526,2010,dry,7.6,98.12,23,1.51,20.15,2.5,1,467.5,1.6,0.08,1.55
J26,703971,3364526,2010,wet,7.56,100.59,23,1.38,19.86,2.5,1,462.5,1.7,0.08,1.09
J26,703971,3364526,2011,dry,7.65,104.71,25.5,1.36,16.37,3.75,6,482.5,2.4,0.08,1.4
J26,703971,3364526,2011,wet,8.13,100.39,22.66,1.96,23.96,44.7,2,405.91,1.62,0.02,n.d.
J26,703971,3364526,2012,dry,7.8,101.83,29.46,2.49,21.25,2.8,1,505.39,1.58,0.05,1.71
J26,703971,3364526,2012,wet,7.9,89.3,20.91,1.98,21.08,9.8,8,431.55,1.9,0.05,n.d.
J26,703971,3364526,2013,dry,7.66,135.47,39.38,1.64,13.2,5.86,2,672.12,9,0.16,0.23
J26,703971,3364526,2013,wet,7.42,129.06,17.02,6.34,46.67,39.98,77.82,376.39,0.18,0.35,n.d.
J26,703971,3364526,2014,wet,7.56,117.84,20.42,3.91,40.44,38.93,52,382.5,0.54,0.23,n.d.
J27,725808,3383839,1993,wet,7.3,70.1,14,1.3,29,1.2,2.5,357.5,4.8,0.2,0.02
J27,725808,3383839,1994,wet,7.1,71.7,12.5,1,29.9,1.2,5,367.5,1.24,0.32,0.44
J27,725808,3383839,1995,dry,7.5,71.7,14,1.2,35.5,3.8,12.5,372.5,1.4,0.16,0.52
J27,725808,3383839,1995,wet,8,62.7,17,0.9,29.9,1.3,2.5,335.2,0.95,0.16,0.72
J27,725808,3383839,1996,dry,7.2,72.56,14,1,29,1.25,1,367.52,1.4,0.12,0.68
J27,725808,3383839,1996,wet,7,73.38,14,1,30,1.25,2,362.52,1.4,0.28,0.12
J27,725808,3383839,1997,dry,7.22,71.73,13.5,0.95,31.88,1.25,0.5,362.52,1.4,0.04,0.42
J27,725808,3383839,1997,wet,8.36,70.08,13,1.64,27.24,0.01,1,330.02,1,0.16,0.52
J27,725808,3383839,1998,dry,7.17,70.91,12.5,1.5,29.8,2.5,0.5,372.52,1.5,0.12,0.46
J27,725808,3383839,1998,wet,7.68,68.43,14,0.9,28.4,2.5,3.6,357.52,1.2,0.24,0.68
J27,725808,3383839,1999,dry,7.9,69.26,14,1.2,29,1.25,0.6,352.52,0.6,0.16,0.66
J27,725808,3383839,1999,wet,7.4,70.91,12,1,30.8,1.25,1,357.52,0.6,0.24,0.5
J27,725808,3383839,2000,dry,8.29,72.56,12,0.88,27.5,1.25,1,340.02,1.6,0.16,0.68
J27,725808,3383839,2000,wet,7.42,71.73,12,0.9,28,1.25,1,360.02,1.6,0.12,0.64
J27,725808,3383839,2001,dry,7.45,69.26,13.5,1,30,1.25,1,357.52,1.5,0.2,0.48
J27,725808,3383839,2001,wet,8.1,73.38,12,1,30,1.25,1,342.52,1,0.12,0.6
J27,725808,3383839,2002,dry,7.18,70.08,13,1.549,28.513,1.25,1,357.52,1.3,0.2,0.75
J27,725808,3383839,2002,wet,8.1,70.08,13,1.59,25.72,1.25,1,350.02,1.1,0.2,0.12
J27,725808,3383839,2003,dry,8.05,71.73,14,1,33.42,1.25,6,355.02,1.4,0.12,0.65
J27,725808,3383839,2003,wet,8.3,68.43,16,0.64,36.75,1.25,1,367.52,2.4,0.12,1.55
J27,725808,3383839,2004,dry,8.35,70.91,14,0.72,36.13,1.25,1,350.02,2.4,0.16,1.7
J27,725808,3383839,2004,wet,8.35,69.26,14,0.65,34.26,1.25,1,340.02,2,0.16,1.8
J27,725808,3383839,2005,dry,8.28,70.08,13.5,0.94,26.09,1.25,0.6,350,1.4,0.24,1
J27,725808,3383839,2005,wet,8.01,70.91,13.5,0.62,34.96,3.75,4,362.5,2.6,0.16,1.6
J27,725808,3383839,2006,dry,8.57,69.26,14.5,0.58,34.65,1.25,1,355,2.8,0.48,0.76
J27,725808,3383839,2006,wet,8.37,70.91,16.5,0.61,34.57,18.75,1,317.5,2.8,0.16,0.78
J27,725808,3383839,2007,dry,8.3,73.38,11,0.62,33.08,1.25,1,360,2.6,0.12,1.4
J27,725808,3383839,2007,wet,7.7,65.14,15.5,0.54,32.58,1.25,1,370,2.8,0.12,1.55
J27,725808,3383839,2008,dry,7.38,68.43,13.5,0.74,33.44,1.25,1,367.5,3,0.08,1.4
J27,725808,3383839,2008,wet,8.3,68.43,12.5,0.6,33.53,1.25,1,347.5,2.6,0.24,1.09
J27,725808,3383839,2009,dry,7.28,133.57,36,0.75,17.62,12.5,0.5,620,6.4,0.08,n.d.
J27,725808,3383839,2009,wet,7.45,70.08,13.5,0.77,31.95,1.25,1,362.5,2.2,0.24,1.24
J27,725808,3383839,2010,dry,7.47,68.43,14,0.98,34.48,2.5,1,370,2.6,0.22,1.4
J27,725808,3383839,2010,wet,7.5,70.08,14,0.58,32.43,1.25,1,370,2.8,0.16,1.55
J27,725808,3383839,2011,dry,7.49,71.73,14,0.55,30.68,1.25,1,382.5,2.6,0.24,0.93
J27,725808,3383839,2011,wet,7.65,73.16,14.63,0.9,33.53,6.98,1,393.23,2.47,0.26,n.d.
J27,725808,3383839,2012,dry,7.9,65.8,22.81,1.23,35.07,2.8,1,421.16,2.17,0.15,1.55
J27,725808,3383839,2012,wet,7.84,70.5,13.3,0.76,37.68,2.8,1,390.17,2.5,0.15,0.39
J27,725808,3383839,2013,dry,7.57,68.94,15.56,1.19,33.81,2.93,1,395.02,1.93,0.18,1.16
J27,725808,3383839,2013,wet,7.49,75.35,11.67,1.61,31.3,0.94,5.85,389.12,4.95,0.19,1.32
J27,725808,3383839,2014,dry,7.92,68.59,15.48,0.89,35.26,1.39,1,399.51,2.35,0.14,1.32
J27,725808,3383839,2014,wet,7.62,68.94,15.56,1.08,35.08,2.78,1,370.36,2.99,0.17,1.01
J28,696833.22,3395829.91,1993,wet,7.3,87.4,15,1.4,28.8,8.8,15,402.5,n.d.,0.48,n.d.
J28,696833.22,3395829.91,1995,dry,7.1,94,16,1.2,33.5,13.8,12.5,422.5,1.4,0.44,n.d.
J28,696833.22,3395829.91,1995,wet,7.6,93.2,17.5,1,28.1,10,2.5,405.2,0.9,0.44,0.08
J28,696833.22,3395829.91,1996,dry,7.1,89.05,18.5,1,26,16.25,12,397.52,1.4,0.36,n.d.
J28,696833.22,3395829.91,1996,wet,7.2,100.59,16.5,0.9,35.4,15,18,447.52,1.8,0.4,n.d.
J28,696833.22,3395829.91,1997,dry,7.49,94.82,19.5,0.95,32.5,13.75,5,425.02,2,0.1,n.d.
J28,696833.22,3395829.91,1997,wet,7.95,89.87,18.5,0.89,31,13.75,5,427.52,2,0.4,n.d.
J28,696833.22,3395829.91,1998,dry,7.12,98.94,19.5,1.8,35.3,18.75,2,477.52,4,0.32,0.2
J28,696833.22,3395829.91,1998,wet,7.69,97.29,24.5,0.8,45.3,25,4.8,500.02,1.2,0.54,0.64
J28,696833.22,3395829.91,1999,dry,7.56,93.17,16.5,1.2,30,11.25,16,422.52,2.6,0.4,0.1
J28,696833.22,3395829.91,1999,wet,7.33,74.21,17.5,0.6,44.4,5,1,410.005,1.2,0.44,0.06
J28,696833.22,3395829.91,2000,dry,7.84,105.54,23,0.88,41.25,20,1,512.53,2.8,0.48,0.72
J28,696833.22,3395829.91,2000,wet,7.77,75.85,17.5,1,26.5,11.25,4,370.02,1.4,0.48,0.08
J28,696833.22,3395829.91,2001,dry,7.52,72.56,19,0.54,40,5,1,410.02,2.6,0.48,0.24
J28,696833.22,3395829.91,2001,wet,8.04,93.17,20.5,0.9,35.71,13.75,1,432.52,2,0.48,0.26
J28,696833.22,3395829.91,2002,dry,7.28,78.33,16,1.544,28.351,13.75,3,367.52,1.3,0.48,n.d.
J28,696833.22,3395829.91,2002,wet,7.7,89.87,20,1.99,37.62,17.5,8,430.02,1.9,0.48,n.d.
J28,696833.22,3395829.91,2003,dry,8.04,60.19,18,0.83,35.01,5,8,332.52,1,0.44,0.14
J28,696833.22,3395829.91,2003,wet,8.38,62.66,20,0.48,41.16,6.25,1,375.02,2.2,0.36,0.23
J28,696833.22,3395829.91,2004,dry,8.31,70.08,18,0.54,39.91,3.75,1,380.02,2.2,0.48,0.36
J28,696833.22,3395829.91,2004,wet,8.25,75.03,17.5,0.48,39.58,5,1,377.52,2.2,0.52,0.36
J28,696833.22,3395829.91,2005,dry,8.19,80.8,19.5,0.76,29.61,6.25,0.6,407.5,1.1,0.44,0.12
J28,696833.22,3395829.91,2005,wet,7.76,63.49,16,0.72,26.22,12.5,4,320,16,0.44,n.d.
J28,696833.22,3395829.91,2006,dry,8.49,84.1,18.5,0.7,31.08,5,1,392.5,1,0.08,0.03
J28,696833.22,3395829.91,2006,wet,8.18,51.12,19.5,0.7,31.34,22.5,2,275,1,0.44,n.d.
J28,696833.22,3395829.91,2007,dry,8.2,83.27,14.5,0.72,24.65,8.75,1,365,0.6,0.56,0.09
J28,696833.22,3395829.91,2007,wet,7.8,56.89,19,0.63,24.22,15,3,302.5,0.7,0.48,n.d.
J28,696833.22,3395829.91,2008,dry,8.23,82.45,15,0.8,25.49,8.75,7,355,0.9,0.48,n.d.
J28,696833.22,3395829.91,2008,wet,7.5,82.45,16,0.8,25.59,10,9,382.5,0.8,0.48,n.d.
J28,696833.22,3395829.91,2009,dry,7.28,64.43,14.5,0.79,34.77,3.75,1,380,2.4,0.2,1.24
J28,696833.22,3395829.91,2009,wet,7.53,83.27,16,0.91,24.94,12.5,4,380,0.7,0.48,0.06
J28,696833.22,3395829.91,2010,dry,7.38,83.27,17,0.97,24.43,10,9,380,0.6,0.52,n.d.
J28,696833.22,3395829.91,2010,wet,8.1,79.15,18,0.7,24.53,12.5,1,370,0.7,0.48,n.d.
J28,696833.22,3395829.91,2011,dry,7.39,85.75,17.5,0.66,22.89,2.5,4,387.5,1,0.48,0.03
J28,696833.22,3395829.91,2011,wet,7.79,76.27,20.77,1.07,26.03,4.19,4,380.55,0.83,0.53,n.d.
J28,696833.22,3395829.91,2012,dry,7.5,81.47,22.33,1.45,26.73,8.4,15,409.13,0.81,0.5,n.d.
J28,696833.22,3395829.91,2012,wet,7.79,65.8,17.1,1,28.22,8.4,10,354.7,1,0.5,n.d.
J28,696833.22,3395829.91,2013,dry,7.6,82.56,17.99,1.3,26.62,10.25,1,418.6,0.62,0.54,n.d.
J28,696833.22,3395829.91,2013,wet,7.44,88.98,14.1,1.92,24.47,7.21,12.79,400.91,0.91,0.58,n.d.
J28,696833.22,3395829.91,2014,dry,7.41,82.15,19.35,1.11,26.79,9.73,6,418.24,0.57,0.5,n.d.
J28,696833.22,3395829.91,2014,wet,7.7,85.77,17.99,1.23,25.9,9.73,4,400.72,1.35,0.48,n.d.
J29,658458,3428295,1992,dry,7.8,91.5,22.5,0.8,40.2,12.5,42.5,442.5,0.5,0.28,0.22
J29,658458,3428295,1992,wet,7.3,90.7,24.5,1,36,7.5,40,452.5,6.3,0.32,0.14
J29,658458,3428295,1995,dry,7.7,86.6,22,0.9,44.2,11.2,35,430,2.8,0.36,0.28
J29,658458,3428295,1995,wet,7.5,99.8,25,0.7,34.4,11.3,5,477.7,3.2,0.36,0.28
J29,658458,3428295,1996,dry,7,96.47,25.5,0.9,36.4,11.25,40,470.02,2.6,0.28,0.42
J29,658458,3428295,1996,wet,7.6,60.19,20.5,0.8,37.2,10,30,340.02,2.6,0.28,0.08
J29,658458,3428295,1997,dry,6.96,98.12,21,0.85,40,8.75,17,455.02,2.2,0.04,0.19
J29,658458,3428295,1997,wet,7.42,92.34,29,0.79,34.3,7.5,24,460.02,2.4,0.32,0.28
J29,658458,3428295,1998,dry,6.88,98.12,23.5,1.3,35.4,10,19,472.52,2.4,0.24,0.24
J29,658458,3428295,1998,wet,7.31,79.15,33.5,0.4,34,13.75,20,442.52,1.24,0.32,0.44
J29,658458,3428295,1999,dry,7.74,98.12,23,1.1,36,8.75,30,462.52,2.4,0.28,0.57
J29,658458,3428295,1999,wet,7.31,98.94,23,0.8,42.2,8.75,45,455.02,2.2,0.36,0.08
J29,658458,3428295,2000,dry,7.41,100.59,23,0.78,35.62,7.5,22,460.02,2.4,0.32,0.56
J29,658458,3428295,2000,wet,8.02,85.75,25,0.8,35.5,10,45,390.02,2.2,0.28,0.52
J29,658458,3428295,2001,dry,7.31,101.41,25,0.83,35.71,7.5,40,462.52,2.6,0.32,0.44
J29,658458,3428295,2001,wet,6.97,105.54,21.5,0.9,35.71,7.5,42,455.02,2.4,0.36,0.06
J29,658458,3428295,2002,dry,7.5,83.27,23.5,1.73,36.088,11.25,40,402.52,2.6,0.32,n.d.
J29,658458,3428295,2002,wet,7.9,70.08,24,1.34,31.48,8.75,16,382.52,1.8,0.32,n.d.
J29,658458,3428295,2003,dry,8.16,100.59,25,0.86,42.02,7.5,52,455.02,2.8,0.32,0.34
J29,658458,3428295,2003,wet,8.26,79.98,28.8,0.83,37.99,10,32,422.52,2.4,0.28,0.34
J29,658458,3428295,2004,dry,7.88,80.8,23.5,0.95,37.53,7.5,40,382.52,2.4,0.32,0.36
J29,658458,3428295,2004,wet,8.18,105.54,25,0.84,37.07,8.75,70,437.52,2.2,0.36,0.36
J29,658458,3428295,2005,dry,7.93,106.36,26.5,0.82,34.26,7.5,56,462.5,2.8,0.32,0.24
J29,658458,3428295,2005,wet,7.78,101.41,22,0.77,36.74,8.75,22,475,3.1,0.32,0.44
J29,658458,3428295,2006,dry,7.59,99.76,27,0.71,33.44,6.25,55,457.5,3,0.32,0.2
J29,658458,3428295,2006,wet,7.52,96.47,31.5,0.84,34.75,8.75,56,442.5,2.8,0.32,0.31
J29,658458,3428295,2007,dry,7.98,113.78,24,0.8,35.76,10,90,450,2.6,0.32,0.4
J29,658458,3428295,2007,wet,7.15,100.59,29.5,0.72,35.87,10,77,435,2.6,0.28,n.d.
J29,658458,3428295,2008,dry,7.03,112.96,25,0.94,36.87,6.25,80,450,3,0.32,0.31
J29,658458,3428295,2008,wet,8.35,102.24,25.5,0.86,36.59,10,45,422.5,2.6,0.32,0.31
J29,658458,3428295,2009,dry,7.34,84.1,16.5,1.12,28.18,12.5,10,387.5,1,0.44,0.03
J29,658458,3428295,2009,wet,8.41,112.96,28.5,1.08,40.2,13.75,80,440,2.2,0.32,0.1
J29,658458,3428295,2010,dry,7.04,116.25,27,1.17,36.05,7.5,94,460,2.8,0.28,0.37
J29,658458,3428295,2010,wet,7.24,124.5,28.5,0.8,36.67,13.75,100,452.5,2.5,0.4,n.d.
J29,658458,3428295,2011,dry,7.39,114.61,29,0.78,33.56,6.25,70,467.5,3.2,0.36,0.28
J29,658458,3428295,2011,wet,7.92,114.4,28.32,1.19,38.85,13.97,110,418.6,2.23,0.47,n.d.
J29,658458,3428295,2012,dry,7.81,115.93,32.31,1.68,39.44,8.4,100,481.33,2.37,0.35,0.23
J29,658458,3428295,2012,wet,7.73,103.4,27.56,1.29,43.28,11.2,90,449.28,2.61,0.35,n.d.
J29,658458,3428295,2013,dry,7.28,121.04,29.17,1.61,40.1,10.25,116,495.24,2.49,0.32,n.d.
J29,658458,3428295,2013,wet,7.6,126.65,30.14,2.09,35.24,7.17,102.45,470.49,2.72,0.4,0.08
J29,658458,3428295,2014,dry,7.15,111.66,27.57,1.14,37.98,11.12,50,511.87,2.75,0.42,0.39
J29,658458,3428295,2014,wet,7.74,83.37,21.39,1.48,31.14,11.12,4,437.15,4.26,0.32,n.d.
J3,624190,3355039,1992,dry,7.2,82.4,18.5,0.8,40.4,30,15,380,1.2,0.28,n.d.
J3,624190,3355039,1992,wet,7.5,81.6,18.5,1,32.6,33.8,17.5,347.5,1.4,0.32,n.d.
J3,624190,3355039,1993,dry,7,82.4,18.5,0.8,34.4,31.2,12.5,377.5,1,0.28,0.08
J3,624190,3355039,1993,wet,7.5,82.4,18,1.3,34,33.8,7.5,355,0.5,0.28,n.d.
J3,624190,3355039,1994,dry,7.1,80.8,18,1.3,39.2,30,2.5,375,1.4,0.28,18
J3,624190,3355039,1994,wet,7.1,81.6,19.5,1,34.4,30,10,362.5,1.4,0.48,n.d.
J3,624190,3355039,1995,dry,7.1,81.6,18.5,0.8,34.7,26.2,25,370,1.4,0.32,0.06
J3,624190,3355039,1995,wet,7.6,84.9,19.5,0.8,34,32.5,15,362.7,1.2,0.32,0.02
J3,624190,3355039,1996,dry,7,84.92,19.5,0.8,33,28.75,18,372.52,2,0.2,0.22
J3,624190,3355039,1996,wet,7.1,85.75,17,1.15,32.3,36.25,12,362.52,1.6,0.24,0.08
J3,624190,3355039,1997,dry,7.31,83.27,18.5,0.82,35,33.75,6,370.02,1.8,0.06,n.d.
J3,624190,3355039,1997,wet,7.7,82.45,18,0.75,31.4,32.5,6,362.52,2,0.28,n.d.
J3,624190,3355039,1998,dry,7.36,84.1,18.5,1.3,32.7,30,8,365.02,1.4,0.16,0.04
J3,624190,3355039,1998,wet,7.12,80.8,18.5,0.8,30,35,8,357.52,0.7,0.32,0.14
J3,624190,3355039,1999,dry,7.2,84.1,16,1,32,32.5,6,362.52,1.4,0.28,0.16
J3,624190,3355039,1999,wet,8.02,76.68,16,0.8,34.5,31.25,14,310.02,1.8,0.32,0.04
J3,624190,3355039,2000,dry,8.23,77.5,17.5,0.78,31.88,32.5,6,337.52,1.4,0.28,n.d.
J3,624190,3355039,2000,wet,7.67,79.98,18,0.89,32.22,37.5,5,362.52,1.3,0.28,n.d.
J3,624190,3355039,2001,dry,7.12,81.63,19,0.83,32.86,33.75,9,350.02,3.2,0.32,0.02
J3,624190,3355039,2001,wet,8.18,79.15,16.5,0.8,32.86,41.25,6,282.51,1.4,0.28,0.05
J3,624190,3355039,2002,dry,7.71,54.42,17,1.116,35.446,36.25,14,270.005,1.8,0.24,n.d.
J3,624190,3355039,2002,wet,7.7,61.84,17.5,1.31,31.43,35,10,290.005,1.4,0.28,n.d.
J3,624190,3355039,2003,dry,7.97,79.15,19,0.95,33.82,33.75,15,347.52,1.6,0.16,0.11
J3,624190,3355039,2003,wet,8.22,75.03,18.5,0.75,34.46,32.5,5.6,302.52,1.7,0.24,0.09
J3,624190,3355039,2004,dry,8.31,73.38,20,0.67,33.53,27.5,4,330.02,1.9,0.28,0.12
J3,624190,3355039,2004,wet,8.15,80.8,17.5,0.75,32.02,31.25,8.6,347.52,1.8,0.36,0.08
J3,624190,3355039,2005,dry,7.76,80.8,17.5,0.75,32.92,32.5,10,357.5,2.1,0.28,0.04
J3,624190,3355039,2005,wet,8.29,78.33,19,0.73,30.18,33.75,4,325,1.7,0.24,n.d.
J3,624190,3355039,2006,dry,8.39,82.45,17.5,0.62,31.06,35,26,340,4.6,0.26,n.d.
J3,624190,3355039,2006,wet,8.43,76.68,22.5,0.64,30.75,45,12,320,0.7,0.12,0.08
J3,624190,3355039,2007,dry,8.23,80.8,18.5,0.74,30.83,27.5,11,342.5,1,0.16,0.06
J3,624190,3355039,2007,wet,7.85,76.68,18,0.7,30.46,35,8,327.5,1,0.12,n.d.
J3,624190,3355039,2008,dry,7.24,83.27,18,0.9,29.99,30,14,350,0.9,0.24,0.05
J3,624190,3355039,2008,wet,8.25,81.63,17.5,0.87,31.08,31.25,22,337.5,0.9,0.32,0.06
J3,624190,3355039,2009,dry,7.48,83.27,17,0.63,30.44,25,14,365,1,0.32,0.08
J3,624190,3355039,2009,wet,8.23,67.61,18.5,0.71,31.23,23.75,18,317.5,0.5,0.28,n.d.
J3,624190,3355039,2010,dry,7.52,80.8,18.5,1.12,28.71,27.5,14,355,1,0.28,0.09
J3,624190,3355039,2010,wet,7.38,84.92,17.5,0.72,28.85,31.25,10,352.5,0.88,0.32,n.d.
J3,624190,3355039,2011,dry,7.68,84.92,17.5,0.66,27.61,30,15,352.5,1,0.32,0.09
J3,624190,3355039,2011,wet,8.11,68.49,18.88,1.1,31.21,29.33,11,329.81,0.83,0.39,n.d.
J3,624190,3355039,2012,dry,7.8,76.77,27.56,1.41,32.58,30.79,5,373.03,0.76,0.3,n.d.
J3,624190,3355039,2012,wet,7.77,86.17,17.1,1,51.88,33.59,40,401.99,0.9,0.33,n.d.
J3,624190,3355039,2013,dry,7.38,82.56,18.96,1.37,30.22,32.23,6,377.33,1.1,0.32,n.d.
J3,624190,3355039,2013,wet,7.94,86.57,17.5,1.82,29.46,29.13,16.23,358.75,0.9,0.36,n.d.
J3,624190,3355039,2014,dry,7.43,80.56,20.8,1.47,33.91,29.18,10,387.03,0.69,0.33,n.d.
J3,624190,3355039,2014,wet,7.82,52.91,15.56,0.71,28.44,16.68,2,267.15,0.51,0.42,n.d.
J4,577769.71,3343209.66,1992,dry,7.2,94,22,1,22.1,1.2,n.d.,455,1.8,0.12,n.d.
J4,577769.71,3343209.66,1992,wet,7.7,74.2,20,1,21,1.2,2.5,385,1,0.28,n.d.
J4,577769.71,3343209.66,1993,dry,7.3,75.8,18,0.7,22.5,1.2,2.5,382.5,1,0.2,0.04
J4,577769.71,3343209.66,1993,wet,7.3,79.2,16.5,1,22.8,2.5,2.5,387.5,1.4,0.2,0.04
J4,577769.71,3343209.66,1994,wet,7.5,75,20.5,0.8,22.6,2.5,2.5,380,1,0.2,n.d.
J4,577769.71,3343209.66,1995,dry,7.3,78.3,16.5,0.7,22.2,1.2,2.5,380,0.5,0.12,n.d.
J4,577769.71,3343209.66,1995,wet,7.3,79.2,16.5,1.7,18,3.8,2.5,375.2,0.6,0.24,0.1
J4,577769.71,3343209.66,1996,dry,7.3,78.33,16.5,1.1,20,1.25,1,385.02,1.25,0.2,0.08
J4,577769.71,3343209.66,1996,wet,7.3,75.03,19.5,1.2,19.2,1.25,1,375.02,0.9,0.2,n.d.
J4,577769.71,3343209.66,1997,dry,7.22,79.15,17.5,0.85,22.5,1.25,0.5,377.52,1.2,0.02,n.d.
J4,577769.71,3343209.66,1997,wet,7.56,77.5,16.5,0.7,19.6,2.5,0.8,375.02,0.9,0.2,n.d.
J4,577769.71,3343209.66,1998,dry,7.12,78.33,18.5,1.1,21.9,1.25,1,382.52,1,0.16,n.d.
J4,577769.71,3343209.66,1998,wet,7.52,77.5,17.5,0.8,20,2.5,3.2,372.52,1.16,0.24,0.08
J4,577769.71,3343209.66,1999,dry,7.22,75.85,18,1,21.4,2.5,0.4,375.02,1.2,0.16,0.16
J4,577769.71,3343209.66,1999,wet,7.68,77.5,16.5,0.5,21.1,3.75,1,377.52,0.8,0.24,0.04
J4,577769.71,3343209.66,2000,dry,7.41,79.98,18,0.81,18.75,1.25,1,377.52,1,0.2,0.12
J4,577769.71,3343209.66,2000,wet,7.38,75.85,17.5,0.89,22.22,2.5,0.5,385.02,1,0.16,0.02
J4,577769.71,3343209.66,2001,wet,8.31,74.21,18.5,0.91,20.77,5,1,345.02,1,0.16,0.08
J4,577769.71,3343209.66,2002,dry,7.55,61.01,18.5,1.595,20.605,7.5,0.2,325.02,1.1,0.2,n.d.
J4,577769.71,3343209.66,2002,wet,7.7,78.33,17.5,1.11,18.62,2.5,0.4,375.02,1.2,0.2,n.d.
J4,577769.71,3343209.66,2003,dry,7.67,77.5,18.5,0.87,20.18,5,0.6,370.02,1,0.24,0.03
J4,577769.71,3343209.66,2003,wet,7.69,71.73,17,0.82,22,2.5,1,350.02,1,0.16,0.08
J4,577769.71,3343209.66,2004,dry,8.38,79.15,20,0.74,20.48,1.25,3,347.52,1,0.12,0.04
J4,577769.71,3343209.66,2004,wet,8.14,64.31,17,0.82,20.82,1.25,1,330.02,1.9,0.12,n.d.
J4,577769.71,3343209.66,2005,dry,8.6,79.15,17.5,0.82,20.34,1.25,1,380,1.1,0.24,n.d.
J4,577769.71,3343209.66,2005,wet,7.86,78.33,17,0.79,19.98,3.75,1,375,2.36,0.24,n.d.
J4,577769.71,3343209.66,2006,dry,8.34,86.57,13.5,0.71,19.96,1.25,2,350,1.1,0.24,n.d.
J4,577769.71,3343209.66,2006,wet,7.78,60.19,19.5,0.82,20.98,2.5,1,325,1.1,0.24,n.d.
J4,577769.71,3343209.66,2007,dry,8.25,74.2,18,0.83,20.46,1.25,1,355,0.7,0.2,0.03
J4,577769.71,3343209.66,2007,wet,7.98,74.2,19.5,0.68,19.46,1.25,1,372.5,1,0.12,n.d.
J4,577769.71,3343209.66,2008,dry,8.28,84.92,19,0.91,20.84,17.5,1,372.5,1,0.2,0.08
J4,577769.71,3343209.66,2008,wet,7.78,59.36,18.5,0.81,20.6,5,1,325,0.7,0.24,0.03
J4,577769.71,3343209.66,2009,dry,7.6,66.78,19,0.85,23.28,1.25,2,365,1.2,0.24,0.47
J4,577769.71,3343209.66,2009,wet,8.35,65.96,18,0.94,21.21,3.75,1,337.5,1,0.24,n.d.
J4,577769.71,3343209.66,2010,dry,7.41,79.98,17.5,0.97,19.02,2.5,1,377.5,0.8,0.24,0.06
J4,577769.71,3343209.66,2010,wet,7.79,82.45,17,0.79,17.47,1.25,1,377.5,0.8,0.2,n.d.
J4,577769.71,3343209.66,2011,dry,7.48,79.15,21,0.77,18.62,1.25,1,382.5,1,0.28,n.d.
J4,577769.71,3343209.66,2011,wet,7.9,71.6,18.88,1.22,20.53,1.4,1,374.2,0.99,0.26,n.d.
J4,577769.71,3343209.66,2012,dry,7.8,76.77,28.51,1.48,21.73,2.8,1,409.13,0.95,0.2,n.d.
J4,577769.71,3343209.66,2012,wet,7.85,65.8,16.63,1.17,23.84,4.2,1,342.87,1.11,0.18,n.d.
J4,577769.71,3343209.66,2013,dry,7.65,81.76,18.48,1.44,20.04,2.93,1,412.7,1.01,0.22,n.d.
J4,577769.71,3343209.66,2013,wet,7.86,81.76,16.04,1.94,18.9,1.13,n.d.,388.15,1.05,0.24,n.d.
J4,577769.71,3343209.66,2014,dry,7.45,78.16,19.35,1.18,21.7,1.39,1,411.99,0.9,0.21,n.d.
J4,577769.71,3343209.66,2014,wet,7.8,70.54,17.02,1.38,21.03,4.17,1,352.15,0.69,0.22,n.d.
J5,611766,3360600,1998,wet,6.44,36.28,7.5,0.44,27.5,21.25,8,170.005,1,0.32,n.d.
J5,611766,3360600,2000,dry,6.97,61.84,18.5,0.62,31.76,17.5,20,315.02,0.36,0.36,n.d.
J5,611766,3360600,2000,wet,7.66,64.31,17.5,0.72,32.22,21.25,5.4,322.52,0.3,0.32,n.d.
J5,611766,3360600,2001,dry,7.29,64.31,20,0.67,32.86,16.25,16.8,320.02,0.4,0.28,0.08
J5,611766,3360600,2001,wet,7.34,67.61,17,0.67,30,20,16,322.52,0.26,0.32,0.02
J5,611766,3360600,2002,dry,7.4,65.14,17,1.434,31.871,22.5,9.8,317.52,0.2,0.36,0.17
J5,611766,3360600,2002,wet,7.2,64.31,18.5,1.06,34.2,20,11,322.52,0.2,0.32,0.03
J5,611766,3360600,2003,dry,7.35,65.14,19.5,0.69,31.1,20,22,317.52,0.32,0.32,0.05
J5,611766,3360600,2003,wet,7.96,65.96,18.5,0.64,33.6,18.75,7.6,330.02,0.32,0.4,n.d.
J5,611766,3360600,2004,dry,8.2,64.28,18.5,0.57,32.28,17.5,16.8,312.52,0.2,0.28,n.d.
J5,611766,3360600,2004,wet,7.44,64.31,18,0.66,32.01,22.5,21,315.02,0.3,0.32,n.d.
J5,611766,3360600,2005,dry,7.42,65.14,19,0.63,31.27,20,4,325,0.2,0.28,n.d.
J5,611766,3360600,2005,wet,7.92,65.14,18.5,0.62,31.46,21.25,20,320,0.4,0.28,n.d.
J5,611766,3360600,2006,dry,7.83,67.61,27.5,0.53,31.6,16.25,35,335,0.2,0.32,n.d.
J5,611766,3360600,2006,wet,7.95,66.78,22.5,0.67,32.44,26.25,28,337.5,0.6,0.28,n.d.
J5,611766,3360600,2007,dry,7.96,63.49,18.5,0.58,31.78,17.5,13,317.5,0.2,0.2,n.d.
J5,611766,3360600,2007,wet,8.29,66.78,18,0.52,31.59,21.25,11,307.5,0.2,0.24,n.d.
J5,611766,3360600,2008,dry,7.42,65.14,18.5,0.68,30.27,20,14,317.5,0.2,0.32,0.03
J5,611766,3360600,2008,wet,7.51,63.49,19,0.62,31.47,21.25,11.2,322.5,0.14,0.4,0.03
J5,611766,3360600,2009,dry,7.08,65.96,19,0.5,31.84,17.5,20,322.5,0.2,0.24,n.d.
J5,611766,3360600,2009,wet,7.47,142.64,39,1.04,19.54,16.25,1,657.5,3.6,0.2,0.34
J5,611766,3360600,2010,dry,8.23,65.96,19,0.88,30.22,21.25,24,317.5,0.14,0.28,0.08
J5,611766,3360600,2010,wet,8.14,68.43,19,0.57,27.45,22.5,1,302.5,0.48,0.32,n.d.
J5,611766,3360600,2011,dry,7.7,67.61,17.5,0.65,29.64,17.5,10,322.5,0.2,0.32,0.06
J5,611766,3360600,2011,wet,8.18,59.93,19.35,1.03,33.02,19.55,10,317.12,2.51,0.42,n.d.
J5,611766,3360600,2012,dry,7.74,64.23,24.23,1.1,35.91,12.6,15,367.01,1.55,0.35,n.d.
J5,611766,3360600,2012,wet,7.68,70.5,17.58,0.87,45.18,11.2,30,354.7,1.48,0.35,n.d.
J5,611766,3360600,2013,dry,7.58,57.72,16.04,1.13,34.91,43.94,9.6,271.2,0.21,0.32,n.d.
J5,611766,3360600,2013,wet,7.88,62.52,22.37,1.42,30.005,38.26,24.08,259.41,0.16,0.36,n.d.
J5,611766,3360600,2014,dry,7.53,51.05,17.42,0.91,35.11,34.76,18,268.42,0.14,0.35,n.d.
J5,611766,3360600,2014,wet,7.46,53.71,17.02,1.07,33.86,36.15,6.4,255,0.54,0.3,n.d.
J6,596995,3373748,1992,dry,7.5,70.9,15.5,0.6,37.6,21.2,15,350,0.4,0.32,n.d.
J6,596995,3373748,1992,wet,7.4,69.2,16,0.7,35.6,20,17.5,350,0.72,0.32,n.d.
J6,596995,3373748,1993,dry,7.3,66,18.5,0.8,38,18.8,10,347.5,0.5,0.32,0.08
J6,596995,3373748,1993,wet,7.3,68.4,17.5,0.8,37,20,7.5,350,0.6,0.2,n.d.
J6,596995,3373748,1994,dry,7.1,66,20,0.7,38.4,17.5,10,345,0.5,0.28,n.d.
J6,596995,3373748,1994,wet,7.5,66.8,17.5,0.7,35.3,18.8,10,342.5,0.6,0.28,n.d.
J6,596995,3373748,1995,dry,7.7,66.8,18,0.8,39.7,23.8,20,340,0.6,0.28,0.02
J6,596995,3373748,1995,wet,7.5,68.4,17,1.7,30.4,11.3,17.5,340.2,1.6,0.36,0.1
J6,596995,3373748,1996,dry,7.2,69.26,17.5,1,33.5,20,10,345.02,0.5,0.32,0.32
J6,596995,3373748,1996,wet,7.3,69.26,16.5,0.6,36.3,21.25,12,335.02,0.7,0.24,n.d.
J6,596995,3373748,1997,dry,7.27,68.43,17,0.57,35.91,21.25,10,335.02,0.9,0.26,n.d.
J6,596995,3373748,1997,wet,7.51,68.43,17,0.7,33.3,22.5,8,340.02,0.9,0.32,n.d.
J6,596995,3373748,1998,dry,7.17,67.61,18,1.1,34.6,22.5,10,347.52,0.5,0.2,0.02
J6,596995,3373748,1998,wet,6.98,67.61,17,0.67,33.6,21.25,4.8,327.52,0.96,0.32,n.d.
J6,596995,3373748,1999,dry,7.14,69.26,18,1,34,21.25,10,347.52,1.6,0.28,0.12
J6,596995,3373748,1999,wet,7.29,68.43,17.5,0.6,36,21.25,10,340.02,0.64,0.32,0.04
J6,596995,3373748,2000,dry,7.18,65.96,17.5,0.62,35.29,20,17.2,335.02,0.6,0.28,n.d.
J6,596995,3373748,2000,wet,7.13,70.08,16.5,0.7,37.5,21.25,9,347.52,0.8,0.32,n.d.
J6,596995,3373748,2001,dry,7.31,67.61,18,0.92,37.14,12.5,1.6,365.02,2.8,0.28,0.96
J6,596995,3373748,2001,wet,7.47,70.08,17.5,0.83,33.33,16.25,2,355.02,2.4,0.32,0.06
J6,596995,3373748,2002,dry,7.04,61.01,17,1.337,33.237,15,4.4,337.52,3.2,0.36,n.d.
J6,596995,3373748,2002,wet,7.7,70.08,27,0.9,36.05,37.5,58,315.02,0.4,0.28,n.d.
J6,596995,3373748,2003,dry,7.24,87.4,23.5,0.63,35.9,50,40,342.52,0.2,0.24,0.08
J6,596995,3373748,2003,wet,8.23,83.27,24.5,0.55,38.69,50,35,307.52,0.74,0.24,n.d.
J6,596995,3373748,2004,dry,8.14,84.1,25,0.51,35.9,50,35,330.02,0.2,0.12,n.d.
J6,596995,3373748,2004,wet,7.32,89.87,23,0.63,36.64,55,42,337.52,0.1,0.24,n.d.
J6,596995,3373748,2005,dry,7.59,98.94,21,0.49,37.88,53.75,28.5,382.5,0.1,0.12,n.d.
J6,596995,3373748,2005,wet,8.12,89.05,26.5,0.47,37.98,57.5,30,352.5,0.76,0.16,n.d.
J6,596995,3373748,2006,dry,7.76,90.7,25,0.51,37.08,53.75,40,345,0.1,0.24,n.d.
J6,596995,3373748,2006,wet,8.42,84.1,31,0.58,36.98,82.5,40,310,0.12,0.08,n.d.
J6,596995,3373748,2007,dry,8.21,89.05,26,0.69,35.77,55,35,342.5,0.04,0.16,n.d.
J6,596995,3373748,2007,wet,8.38,93.17,26,0.55,37.2,58.75,50,330,0.2,0.12,n.d.
J6,596995,3373748,2008,dry,7.87,95.64,27.5,0.66,36.44,58.75,50,357.5,0.2,0.12,n.d.
J6,596995,3373748,2008,wet,8.28,95.64,21,6.47,56.95,56.25,130,252.5,0.04,0.52,n.d.
J6,596995,3373748,2009,dry,7.62,74.2,11,0.5,31.08,7.5,1,360,3.6,0.14,0.25
J6,596995,3373748,2009,wet,7.77,59.36,19.5,0.7,31.47,7.5,1,342.5,2.2,0.32,0.28
J7,614755,3356828,2000,dry,7.15,131.92,29.5,0.62,16.47,10,16.8,562.53,7.6,0.24,0.24
J7,614755,3356828,2001,dry,7.33,131.92,34,0.57,12.5,25,4,592.53,21,0.24,0.24
J7,614755,3356828,2001,wet,7.43,122.03,34,0.89,10.83,11.25,1,545.03,2.4,0.24,n.d.
J7,614755,3356828,2002,dry,7.03,140.17,33,2.478,20.0052,48.75,17.2,512.53,1.8,0.24,0.06
J7,614755,3356828,2002,wet,7.7,102.24,32,1.3,10.51,12.5,2,475.02,1.2,0.24,n.d.
J7,614755,3356828,2003,dry,7.32,71.73,14,1,33.42,1.25,6,355.02,1.4,0.12,0.65
J7,614755,3356828,2003,wet,7.69,98.94,31,1,10.74,12.5,1,460.02,3.2,0.2,0.03
J7,614755,3356828,2004,dry,8.15,115.43,38,0.89,10.46,10,1,547.53,2.8,0.24,0.02
J7,614755,3356828,2004,wet,7.45,121.2,31,0.88,13.58,20,7,502.53,5.2,0.24,0.02
J7,614755,3356828,2005,dry,7.5,126.97,33.5,0.97,10.79,12.5,0.6,550,3.5,0.16,n.d.
J7,614755,3356828,2005,wet,7.91,126.15,30,0.91,10.24,13.75,1,540,2.7,0.24,n.d.
J7,614755,3356828,2006,dry,8.3,131.92,27.5,0.7,10.68,12.5,12,525,2.4,0.24,n.d.
J7,614755,3356828,2006,wet,7.45,102.24,42,0.82,11.45,18.75,10,527.5,7,0.24,n.d.
J7,614755,3356828,2007,dry,7.91,129.45,33.5,1.09,10.98,21.25,2,535,26,0.32,0.12
J7,614755,3356828,2007,wet,7.69,82.45,31,0.87,11.15,11.25,1,407.5,1.3,0.08,n.d.
J7,614755,3356828,2008,dry,7.6,108.83,28.5,1.11,11.63,2.5,2,492.5,1.5,0.2,0.09
J7,614755,3356828,2008,wet,7.58,89.87,32,1.01,12.04,11.25,1,437.5,1,0.12,0.03
J7,614755,3356828,2009,dry,7.4,84.92,18.5,0.21,9.2,3.75,7,367.5,n.d.,0.28,n.d.
J7,614755,3356828,2009,wet,7.6,99.76,28.5,1.05,10.72,16.25,1,445,1.2,0.24,n.d.
J7,614755,3356828,2010,dry,7.68,84.92,20,0.28,10.24,5,10,360,n.d.,0.1,0.09
J7,614755,3356828,2010,wet,7.72,102.24,20,0.29,8.84,33.75,3,350,1.04,0.32,n.d.
J7,614755,3356828,2011,dry,7.43,84.92,21.5,0.36,8.94,3.75,10,360,n.d.,0.24,n.d.
J7,614755,3356828,2011,wet,7.56,87.94,20.77,0.6,9.8,5.59,10,386.89,n.d.,0.4,n.d.
J7,614755,3356828,2012,dry,7.6,100.27,30.41,0.68,16.52,7,15,481.33,n.d.,0.3,0.08
J7,614755,3356828,2012,wet,7.88,79.9,16.63,0.42,10.68,8.4,10,348.79,0.13,0.33,n.d.
J7,614755,3356828,2013,dry,7.62,81.76,19.45,0.73,11.88,5.86,1,377.33,0.23,0.37,n.d.
J7,614755,3356828,2013,wet,7.25,131.46,24.31,1.31,11.91,18.34,9.58,530.62,0.1,0.28,0.16
J7,614755,3356828,2014,dry,7.9,120.44,30.48,0.84,23.44,36.15,50,455.69,0.11,0.25,0.08
J7,614755,3356828,2014,wet,7.43,77.76,21.39,0.64,10.92,8.34,2.4,370.36,n.d.,0.32,n.d.
J8,618137,3355844,1992,dry,7.2,65.1,14.5,2.1,10.7,11.2,10,272.5,1,0.16,0.96
J8,618137,3355844,1992,wet,7.3,63.5,7,1.7,7.6,8.8,17.5,225,0.56,0.2,0.48
J8,618137,3355844,1993,dry,7.5,47.8,9,1.5,8.5,6.2,17.5,182.5,0.6,0.16,0.72
J8,618137,3355844,1993,wet,7.5,58.5,10.5,1.7,10.8,10,22.5,222.5,0.6,0.16,0.48
J8,618137,3355844,1994,dry,7.3,59.4,11.5,1.7,9.8,7.5,15,237.5,0.7,0.2,0.56
J8,618137,3355844,1994,wet,7.1,57.7,11.5,2.4,10,10,17.5,222.5,0.8,0.16,0.16
J8,618137,3355844,1995,dry,7.2,59.4,12.5,1.8,9.8,12.5,17.5,240,1,0.16,0.8
J8,618137,3355844,1995,wet,7.3,56.1,11.5,1.7,7.8,11.3,25,215.1,1,0.28,0.72
J8,618137,3355844,1996,dry,7.4,79.15,13,2.6,12.6,12.5,5,315.02,0.95,0.2,1.28
J8,618137,3355844,1996,wet,7.1,80.8,14,1.58,11.8,12.5,14,295.01,n.d.,0.2,0.04
J8,618137,3355844,1997,dry,7.44,60.19,11.5,2,9.55,10,14,232.51,1,0.1,0.8
J8,618137,3355844,1997,wet,7.5,58.54,11.5,2,8.6,13.75,18,217.51,0.8,0.28,0.7
J8,618137,3355844,1998,dry,7.2,61.01,12.5,2.2,11.4,11.25,18,237.51,0.8,0.16,0.92
J8,618137,3355844,1998,wet,6.96,59.36,11.5,2,9.28,11.25,22,215.01,1.4,0.28,0.88
J8,618137,3355844,1999,dry,7.51,60.19,12,2.2,9.8,10,20,220.005,0.8,0.2,1.04
J8,618137,3355844,1999,wet,7.57,57.72,10.5,2,10.6,8.75,30,215.01,0.6,0.28,0.72
J8,618137,3355844,2000,dry,7.4,57.72,11,2.38,9.41,8.75,22,217.51,0.9,0.2,0.76
J8,618137,3355844,2000,wet,7.53,57.72,10,1.9,9.38,11.25,25,207.51,0.8,0.12,0.88
J8,618137,3355844,2001,dry,8.06,58.54,13,1.64,10,12.5,13,220.005,0.9,0.28,0.88
J8,618137,3355844,2001,wet,8.34,56.07,9.5,1.64,7.69,11.25,7,190.005,0.56,0.28,0.08
J8,618137,3355844,2002,dry,7.31,61.84,12,2.81,10.047,13.75,27.6,230.005,11,0.28,0.03
J8,618137,3355844,2002,wet,7.4,54.42,9.5,3.13,8.19,11.25,18,192.51,0.9,0.24,0.19
J8,618137,3355844,2003,dry,8.34,75.03,13,2.33,11.62,11.25,8.4,257.51,1.6,0.24,1.16
J8,618137,3355844,2003,wet,8.16,83.27,12.5,2.12,10.17,32.5,18,237.51,1.6,0.24,0.93
J8,618137,3355844,2004,dry,7.76,89.87,19,3.03,14.2,16.25,1,377.52,4.4,0.2,2.4
J8,618137,3355844,2004,wet,8.26,68.43,12.5,2.03,9.5,12.5,1,245.01,2.2,0.24,n.d.
J8,618137,3355844,2005,dry,7.74,71.73,13.5,1.94,9.07,12.5,6,280,1.7,0.12,1.6
J8,618137,3355844,2005,wet,8.23,68.43,12.5,1.98,9.46,13.75,15,232.5,1.16,0.2,0.96
J8,618137,3355844,2006,wet,8.17,75.03,16.5,2.1,9.38,15,8,280,2.6,0.18,0.85
J8,618137,3355844,2007,dry,8.26,67.61,13,1.87,9.93,10,16,255,1.2,0.24,0.56
J8,618137,3355844,2007,wet,8.24,70.08,12.5,1.97,8.79,13.75,20,242.5,0.9,0.12,0.09
J8,618137,3355844,2008,dry,7.73,69.26,11.5,2.24,10.1,12.5,18,250,1,0.2,0.7
J8,618137,3355844,2008,wet,7.59,69.26,12,2.14,10.09,13.75,19.2,255,0.9,0.12,0.37
J8,618137,3355844,2009,dry,8.2,116.25,28.5,1.58,7.44,5,1,525,5.2,0.12,0.62
J8,618137,3355844,2009,wet,7.91,94.82,27,1.21,6.61,3.75,1,432.5,4,0.12,1.4
J8,618137,3355844,2010,dry,7.5,128.62,25,3.85,47.23,76.25,110,385,0.04,0.16,0.19
J8,618137,3355844,2010,wet,7.64,140.17,21,4.07,50.6,71.25,100,405,0.1,0.16,n.d.
J8,618137,3355844,2011,dry,7.5,220.14,44.5,6.63,70.84,116.25,250,535,n.d.,0.16,n.d.
J8,618137,3355844,2011,wet,7.93,166.55,34.46,13.58,77.85,72.63,200,551.79,n.d.,0.43,n.d.
J8,618137,3355844,2012,dry,7.56,146.48,33.26,6.44,65.87,74.18,172,469.29,0.04,0.1,n.d.
J8,618137,3355844,2012,wet,7.78,166.06,30.88,16.72,87.14,81.17,200,520.22,0.13,0.35,n.d.
J8,618137,3355844,2013,dry,7.51,141.08,27.23,6.66,53.05,67.38,200,389.12,0.22,0.13,n.d.
J8,618137,3355844,2013,wet,7.3,145.89,25.28,7.38,46.85,63.88,184.73,373.33,0.51,0.12,n.d.
J8,618137,3355844,2014,dry,7.5,135.59,26.12,5.26,50.94,55.61,172.69,374.54,0.39,0.12,0.23
J8,618137,3355844,2014,wet,7.79,135.47,25.28,5.74,47.92,47.27,104,425,0.39,0.12,n.d.
J9,622284.5,3354076.8,1992,dry,7.1,127,30,2.8,18.2,22.5,25,535,2,0.16,0.8
J9,622284.5,3354076.8,1992,wet,7.5,97.3,31.5,2.2,13.8,21.2,17.5,437.5,2,0.2,0.6
J9,622284.5,3354076.8,1993,dry,7,153.4,40.5,2.7,29,68.8,70,545,2,0.12,0.32
J9,622284.5,3354076.8,1993,wet,7.3,136,34.5,2.6,28.8,50,50,517.5,1.4,0.16,0.12
J9,622284.5,3354076.8,1994,dry,7.4,133.6,34.5,2.3,25,48.8,35,520,0.9,0.18,0.5
J9,622284.5,3354076.8,1994,wet,7.8,121.2,33,3.1,22.8,36.2,30,505,1.6,0.12,0.6
J9,622284.5,3354076.8,1995,dry,6.9,137.7,33.5,2.6,27,56.2,52.5,532.5,1.2,0.08,0.36
J9,622284.5,3354076.8,1995,wet,7.4,129.4,36,3,23.9,52.5,55,500.2,1.6,0.2,0.34
J9,622284.5,3354076.8,1996,dry,7.1,136.04,35.5,3.7,23.3,51.25,15,540.03,0.9,0.16,0.6
J9,622284.5,3354076.8,1996,wet,7.2,136.04,32,2.3,22.2,53.75,19,507.53,1,0.16,0.52
J9,622284.5,3354076.8,1997,dry,7.34,138.52,33,2.71,22.27,60,20,527.53,1.2,0.1,0.36
J9,622284.5,3354076.8,1997,wet,7.93,136.04,35.5,2.7,24.4,68.75,17,505.03,1.4,0.12,0.44
J9,622284.5,3354076.8,1998,dry,7,140.17,20.5,2.7,24.7,13.75,24,537.53,1,0.12,0.8
J9,622284.5,3354076.8,1998,wet,6.7,57.72,15.5,2.44,23.57,45,32,212.51,1.8,0.24,0.56
J9,622284.5,3354076.8,1999,dry,7.08,143.46,35,2.8,25,65,35,532.53,1.2,0.2,0.6
J9,622284.5,3354076.8,1999,wet,7.24,141.81,37,2.8,28,68.75,40,532.53,1.2,0.16,0.6
J9,622284.5,3354076.8,2000,dry,7.1,140.17,34,3.12,21.18,58.75,22,532.53,0.9,0.12,0.68
J9,622284.5,3354076.8,2000,wet,7.31,146.76,36,2.9,30,72.5,50,535.03,1.4,0.12,0.72
J9,622284.5,3354076.8,2001,dry,8.05,142.64,37.5,2.64,28.33,78.75,7,555.03,3.5,0.16,0.8
J9,622284.5,3354076.8,2001,wet,8.15,116.25,28.5,2.06,20,31.25,50,430.02,1,0.2,0.02
J9,622284.5,3354076.8,2002,dry,7.39,137.69,34,4.728,21.632,55,18,537.53,1,0.16,0.56
J9,622284.5,3354076.8,2002,wet,7.6,140.99,36.5,3.4,21.8,67.5,24,532.53,1.4,0.16,0.03
J9,622284.5,3354076.8,2003,dry,7.93,122.85,35.5,2.69,26.58,60,45,467.52,1.6,0.12,0.68
J9,622284.5,3354076.8,2003,wet,7.38,149.23,36,2.59,26.24,67.5,40,537.53,1.6,0.16,0.56
J9,622284.5,3354076.8,2004,dry,7.8,107.19,47,1.88,16.22,27.5,40,505.03,1.2,0.16,1.4
J9,622284.5,3354076.8,2004,wet,7.34,134.39,43,2.65,23.34,70,44,517.53,1.8,0.16,0.72
J9,622284.5,3354076.8,2005,dry,7.91,151.71,35,2.14,21.66,66.25,52,545,4.4,0.08,0.32
J9,622284.5,3354076.8,2005,wet,7.8,108.01,32,2.57,23.69,53.75,25,427.5,1.2,0.16,0.6
J9,622284.5,3354076.8,2006,dry,8.33,153.36,35.5,2.24,19.97,67.5,60,515,1.6,0.16,n.d.
J9,622284.5,3354076.8,2006,wet,8.15,120.38,59.5,2.4,21.65,73.75,60,517.5,2.1,0.12,0.78
J9,622284.5,3354076.8,2007,dry,7.98,140.99,37,2.11,21.54,72.5,23.2,505,14,0.24,0.43
J9,622284.5,3354076.8,2007,wet,7.8,133.57,30,1.94,15.84,45,16,515,2.8,0.24,0.37
J9,622284.5,3354076.8,2008,dry,7.22,135.22,28,2.17,15.58,28.75,28,502.5,1.7,0.16,1.55
J9,622284.5,3354076.8,2008,wet,7.67,131.1,41.5,2.46,20.73,71,28,505,1.4,0.08,0.62
J9,622284.5,3354076.8,2009,dry,7.52,148.41,38.5,3.03,25.62,81.25,28,565,2.6,0.16,0.78
J9,622284.5,3354076.8,2009,wet,7.56,125.32,22.5,4.82,47.18,70,80,375,0.1,0.16,0.12
J9,622284.5,3354076.8,2010,dry,7.23,151.71,36,2.32,20.16,70,28,545,2.8,0.16,0.68
J9,622284.5,3354076.8,2010,wet,7.78,148.41,35.5,2.41,23.84,75,30,520,8,0.16,0.31
J9,622284.5,3354076.8,2011,dry,7.35,158.3,39,2.39,21.93,76.25,27.5,570,1.2,0.12,0.85
J9,622284.5,3354076.8,2011,wet,7.73,122.96,35.4,3.77,35.2,62.85,100,437.63,5.84,0.08,n.d.
J9,622284.5,3354076.8,2012,dry,7.5,131.6,40.96,3.53,29.14,64.38,55,535.47,2.36,0.1,0.93
J9,622284.5,3354076.8,2012,wet,7.9,95.57,33.26,3.61,31.98,55.98,55,390.17,6.12,0.1,n.d.
J9,622284.5,3354076.8,2014,dry,7.5,135.59,26.12,5.26,50.94,55.61,172.69,374.54,n.d.,0.12,0.23
J9,622284.5,3354076.8,2014,wet,7.79,135.47,25.28,5.74,47.92,47.27,104,425,n.d.,0.12,n.d.
