ID,ShortID,X,Y,Longitude,Latitude,SY,SM,pH,Alk,Hardness,TDS,Ca,Mg,K,Na,KNa,Cl,SO4,HCO3,NO3,F,
3702810206,W17,4030063,244248,120.1505278,36.36721944,2001,6,8,377.29,447.5,1895.72,63.76,70,20.5,405,425.5,271.32,588.18,460.06,0.1,0.65,
3702810206,W17,4030063,244248,120.1505278,36.36721944,2002,9,7,270.86,480.43,1135.67,91.54,61.16,16.39,211.56,227.95,215.49,352.73,330.26,7.24,0.34,
3702810206,W17,4030063,244248,120.1505278,36.36721944,2003,6,7.96,277.25,510.36,1287.24,121.33,50.34,10,186,196,152.39,394.97,338.02,17.62,0.55,
3702810206,W17,4030063,244248,120.1505278,36.36721944,2013,7,8.4,250.48,536.58,1855.96,63.71,91.67,33,405,438,593.7,351.79,280.75,0.49,0.25,
3702810206,W17,4030063,244248,120.1505278,36.36721944,2013,10,7.28,374.59,225.66,1045.62,31.61,35.63,17.91,206.2,224.11,82.09,193.63,456.73,6.58,0.25,
3702810206,W17,4030063,244248,120.1505278,36.36721944,2014,8,7.54,275.81,331.05,1228.47,20.62,67.88,21.61,262.32,283.93,268.95,234.68,336.29,0.1,0.47,
3702810206,W17,4030063,244248,120.1505278,36.36721944,2014,12,8.5,482.45,45.49,2047.13,6.68,7,20.14,631.55,651.69,321.71,463.79,527.3,22.85,1.61,
3702810206,W17,4030063,244248,120.1505278,36.36721944,2015,4,8.63,360.82,101.73,1732.06,12.04,17.4,18.07,492.42,510.49,311.33,306.79,447.1,47.28,1.85,
3702810206,W17,4030063,244248,120.1505278,36.36721944,2015,9,8.25,376.99,366.24,1341.2,56.51,54.67,17.56,259.47,277.03,221.29,257.97,459.66,1.31,0.21,
3702810206,W17,4030063,244248,120.1505278,36.36721944,2016,6,7.35,413.84,464.3,1455.91,73.42,68.25,25.97,241.14,267.11,273.96,259.2,504.64,6.08,0.44,
3702810206,W17,4030063,244248,120.1505278,36.36721944,2016,11,8.35,277.33,391.39,1100.37,70.18,52.51,23.83,214.99,238.82,148.93,248.55,315.64,2.54,,
3702810206,W17,4030063,244248,120.1505278,36.36721944,2017,6,7.38,,556.28,1096,85.09,83.51,14.64,188.74,203.38,177.19,361.52,340.69,43.86,0.46,
3702810206,W17,4030063,244248,120.1505278,36.36721944,2017,10,7.95,,481.98,1084,89.31,62.91,13.01,188.22,201.23,298.52,248.57,304.01,3.54,0.22,
3702810227,W19,4026739,246048,120.1689306,36.33779444,2002,9,7.6,166.14,400.36,760.01,92.99,40.84,5.94,155.93,161.87,173.36,326.99,202.57,23.16,0.6,
3702810227,W19,4026739,246048,120.1689306,36.33779444,2003,6,7.9,249.32,901.01,3722.15,128.78,140.71,48.5,940,988.5,1658.63,426.2,303.98,44.5,0.6,
3702810227,W19,4026739,246048,120.1689306,36.33779444,2013,7,8.9,516.16,409.87,3295.41,38.87,75.96,45,932.5,977.5,1043.77,561.82,524.48,1.92,0.92,
3702810227,W19,4026739,246048,120.1689306,36.33779444,2013,10,7.78,530.03,487.21,3721.94,47,89.81,46.54,1067,1113.54,1221.17,588.29,646.25,1.85,0.75,
3702810227,W19,4026739,246048,120.1689306,36.33779444,2014,8,7.96,461.26,380.09,3414.1,11.78,85.15,41.49,984.33,1025.82,1152.63,546.04,562.42,15.45,0.92,
3702810227,W19,4026739,246048,120.1689306,36.33779444,2014,12,8.06,547.44,482.2,3824.02,46.15,89.11,44.99,1123.73,1168.72,1138.35,695.03,667.5,9.17,0.77,
3702810227,W19,4026739,246048,120.1689306,36.33779444,2015,4,8.12,524.87,482.07,3410.54,43.51,90.67,44.17,946.1,990.27,1059.96,567.78,639.97,1.98,1.02,
3702810227,W19,4026739,246048,120.1689306,36.33779444,2015,9,8.27,598.06,383.04,3099.55,40.81,68.27,42.79,854.64,897.43,927.2,419.82,729.22,2.18,0.72,
3702810227,W19,4026739,246048,120.1689306,36.33779444,2016,6,8.7,613.09,326.19,3468.05,24.8,64.19,43.08,890.83,933.91,1115.88,573.36,691.55,0.85,,
3702810227,W19,4026739,246048,120.1689306,36.33779444,2016,11,7.9,215.7,621.22,1396.18,152.04,58.68,34.26,163.95,198.21,161.81,421.16,263.03,140.73,,
3702810227,W19,4026739,246048,120.1689306,36.33779444,2017,7,7.93,,343.02,2488,29.2,64.74,39.77,850.7,890.47,821.53,368.6,698.07,2.1,1.06,
3702810227,W19,4026739,246048,120.1689306,36.33779444,2017,10,7.7,,284.43,1879,24.41,53.59,30.41,557.9,588.31,570.82,409.5,455.12,1.78,1.18,
3702810231,W18,4027691,243055,120.1352417,36.34554444,2002,9,7,114.28,1181.06,2154.4,253.15,133.32,9.48,262,271.48,,,,,,
3702810231,W18,4027691,243055,120.1352417,36.34554444,2003,6,7.3,138.52,1201.38,2317.14,262.89,132.32,24.5,250,274.5,586.74,593.37,168.88,278,0.35,
3702810231,W18,4027691,243055,120.1352417,36.34554444,2013,7,8.5,204.93,773.9,1614.83,180.32,78.58,40,170,210,290.15,370.17,225.22,226.82,0.16,
3702810231,W18,4027691,243055,120.1352417,36.34554444,2013,7,8.2,141.68,436.79,1006.01,105.82,41.91,5.8,132.5,138.3,145.55,312.41,172.77,71.53,0.6,
3702810231,W18,4027691,243055,120.1352417,36.34554444,2013,10,7.33,412.81,715.28,1559.21,203,50.59,24.8,155.1,179.9,165.54,348.8,503.33,90.53,0.56,
3702810231,W18,4027691,243055,120.1352417,36.34554444,2013,10,7.08,216.6,762.7,1633.69,185.3,72.84,36.74,164.5,201.24,289.7,381.23,264.09,221.49,0.22,
3702810231,W18,4027691,243055,120.1352417,36.34554444,2014,8,7.1,152.17,451.21,1048.14,102.12,47.64,16.72,127.4,144.12,193.85,214.96,185.54,136.29,0.31,
3702810231,W18,4027691,243055,120.1352417,36.34554444,2014,12,7.6,214.98,558.02,1228.54,140.26,50.45,26.27,129.52,155.79,181.32,234.98,262.12,187.11,0.25,
3702810231,W18,4027691,243055,120.1352417,36.34554444,2015,4,8.08,215.7,556.05,1245.12,134.7,53.34,25.15,137.32,162.47,179.96,236.79,263,190.82,0.36,
3702810231,W18,4027691,243055,120.1352417,36.34554444,2015,9,8.2,321.14,712.32,1820.15,127.81,95.46,32.54,301.02,333.56,530.62,301.92,391.57,23.49,0.29,
3702810231,W18,4027691,243055,120.1352417,36.34554444,2016,6,8.75,500.69,62.67,1711.08,8.01,10.36,19.18,496.66,515.84,323.25,231.51,573.17,9.72,1.29,
3702810231,W18,4027691,243055,120.1352417,36.34554444,2016,11,8.1,209.54,539.22,1317.61,134.24,49.56,51.65,144.95,196.6,186.01,247.85,255.52,247.32,,
3702810231,W18,4027691,243055,120.1352417,36.34554444,2017,7,7.23,,537.55,996,132.1,49.65,46.75,113.7,160.45,181.22,146.1,252.38,96.76,0.38,
3702810231,W18,4027691,243055,120.1352417,36.34554444,2017,10,6.9,,487.59,892,130.18,38.98,35.5,78.02,113.52,165.06,195,215.33,137.86,0.22,
3702810253,W15,4031541,243344,120.1345583,36.38014722,2001,6,6.5,65.31,465.07,884.41,100.04,52.27,6.6,87.6,94.2,135.43,386.69,79.63,19,0.3,
3702810253,W15,4031541,243344,120.1345583,36.38014722,2002,9,7.1,157.08,376.74,627.31,98.6,31.7,2.33,54.3,56.63,43.1,250.52,191.52,32.29,0.36,
3702810253,W15,4031541,243344,120.1345583,36.38014722,2003,6,7.9,120.86,539.54,1025.85,138.36,47.12,4.85,100.25,105.1,161.72,399.56,147.39,0.6,0.4,
3702810253,W15,4031541,243344,120.1345583,36.38014722,2004,9,8.3,,201,582,65.2,9.27,,,19.5,67.3,44.3,104,2.2,0.2,
3702810253,W15,4031541,243344,120.1345583,36.38014722,2005,4,8.1,,212,426,63.6,23.3,,,35,67.8,46.4,113,1.41,0.2,
3702810253,W15,4031541,243344,120.1345583,36.38014722,2006,9,7.7,,587,955,130,63.7,,,94.6,169,385,94.7,16.5,0.2,
3702810253,W15,4031541,243344,120.1345583,36.38014722,2007,4,6.6,,699,895.34,143,83,,,16.2,169,301,172,10.7,0.2,
3702810253,W15,4031541,243344,120.1345583,36.38014722,2008,9,7.5,,501,1131,146,77.8,,,109,106,391,296,5.4,0.2,
3702810253,W15,4031541,243344,120.1345583,36.38014722,2009,4,7.5,,525,1061.1,159.2,88.2,,,39.2,132,405,231,4.25,0.2,
3702810253,W15,4031541,243344,120.1345583,36.38014722,2010,9,6.7,,536,1100,100.36,45.43,,,61.3,125,241,,0.8,0.22,
3702810253,W15,4031541,243344,120.1345583,36.38014722,2011,4,7.5,,483,1534.44,88.9,31.7,,,369.72,426,222,395.5,0.7,0.08,
3702810253,W15,4031541,243344,120.1345583,36.38014722,2011,9,7.6,,393,1709.55,72.3,25.8,,,403.2,172,326,696.3,139.5,0.12,
3702810253,W15,4031541,243344,120.1345583,36.38014722,2012,4,7.1,,461,1291,84.8,30.3,,,251.4,123,241,535.8,24.7,0.18,
3702810253,W15,4031541,243344,120.1345583,36.38014722,2012,9,6.5,,605,1493,111.3,39.7,,,268.8,132,310,629.2,2.1,0.34,
3702810253,W15,4031541,243344,120.1345583,36.38014722,2013,7,8.3,123.96,391,903.34,85.3,43.22,6.1,137.5,143.6,168.54,288.79,151.17,12.55,0.29,
3702810253,W15,4031541,243344,120.1345583,36.38014722,2013,10,6.88,152.89,419.44,999.91,95.04,44.22,6.24,146.5,152.74,181.15,321.01,186.42,9.42,0.32,
3702810253,W15,4031541,243344,120.1345583,36.38014722,2014,8,6.86,142.66,461.01,1084.31,108.01,46.45,7.75,156.31,164.06,206.08,357.16,173.94,14.03,0.34,
3702810253,W15,4031541,243344,120.1345583,36.38014722,2014,12,7.5,142.49,521.63,1147.92,117.79,55.23,12.02,148.6,160.62,194.72,422.36,173.73,11.88,0.28,
3702810253,W15,4031541,243344,120.1345583,36.38014722,2015,4,7.69,131.82,524.84,1159.78,118.04,55.86,7.66,150.54,158.2,190.76,440.27,160.72,18.81,0.36,
3702810253,W15,4031541,243344,120.1345583,36.38014722,2015,9,8.26,137.3,516.32,950.87,118.4,53.58,10.04,79.02,89.06,114.21,382.85,167.41,9.42,0.24,
3702810253,W15,4031541,243344,120.1345583,36.38014722,2016,6,7.35,153.27,597.69,1012.74,153.54,52.06,6.68,84.61,91.29,103.79,397.36,186.9,26.97,0.19,
3702810253,W15,4031541,243344,120.1345583,36.38014722,2016,11,8.05,184.89,599.85,1154.81,163.57,46.49,10.39,137.56,147.95,178.21,363.25,225.46,28.7,,
3702810253,W15,4031541,243344,120.1345583,36.38014722,2017,7,7.08,,910.81,1576,158.2,123.5,14.57,191.5,206.07,233.57,748.9,193.31,0.4,0.46,
3702810253,W15,4031541,243344,120.1345583,36.38014722,2017,10,6.9,,731.38,1236,195.27,58.46,6.84,129.4,136.24,336.99,409.5,185.96,4.74,0.15,
3702810260,W14,4031972,242333,120.1176139,36.38401944,2001,6,7.8,166.9,741.32,1230.53,215.48,49.34,3.65,68,71.65,138.97,452.26,203.49,88.25,0.4,
3702810260,W14,4031972,242333,120.1176139,36.38401944,2002,9,7,187.28,828.34,1361.35,259.72,43.66,3.53,82.41,85.94,134.15,277.42,228.36,427.68,0.3,
3702810260,W14,4031972,242333,120.1176139,36.38401944,2003,6,8.64,81.67,762.84,1342.02,229.89,45.83,3.5,86,89.5,140.98,300.82,57.34,442.5,0.25,
3702810260,W14,4031972,242333,120.1176139,36.38401944,2004,9,8.3,,400,746,37.4,74.4,,,189,137,98.8,359,51.9,1.7,
3702810260,W14,4031972,242333,120.1176139,36.38401944,2005,4,8.1,,412,734,35.8,32.9,,,69.3,133,99.2,386,41.9,2.1,
3702810260,W14,4031972,242333,120.1176139,36.38401944,2006,9,7.4,,430,1118,55.9,70.5,,,174,117,227,389,40.7,1,
3702810260,W14,4031972,242333,120.1176139,36.38401944,2007,4,7.4,,406,1003.5,80.4,49.8,,,137.3,171,119,387,20.3,2,
3702810260,W14,4031972,242333,120.1176139,36.38401944,2008,9,7.6,,399,759,42.9,52.9,,,217,73.4,155,266,30.6,1.2,
3702810260,W14,4031972,242333,120.1176139,36.38401944,2009,4,7.3,,473,1109,98.9,65,,,172.3,158,222,355,37.5,0.4,
3702810260,W14,4031972,242333,120.1176139,36.38401944,2010,9,7.5,,315,756,49.75,30.11,,,106.1,98.2,104,,87.24,0.05,
3702810260,W14,4031972,242333,120.1176139,36.38401944,2011,4,7.5,,451,1025.78,83,29.6,,,182.54,148,196,210,176.7,1.32,
3702810260,W14,4031972,242333,120.1176139,36.38401944,2011,9,7.5,,255,673.3,46.9,16.7,,,123.1,83.4,36.7,243.8,122.7,0.52,
3702810260,W14,4031972,242333,120.1176139,36.38401944,2012,4,7.9,,272,769,50,17.8,,,211.2,102,44.6,275.5,131.1,,
3702810260,W14,4031972,242333,120.1176139,36.38401944,2012,9,7.9,,303,1019,55.8,19.9,,,148.3,121,61.1,318,232.1,0.69,
3702810260,W14,4031972,242333,120.1176139,36.38401944,2013,10,7.81,186.02,662.43,1206.04,172.8,56.07,7.2,98.97,106.17,120.14,488.7,226.81,20.96,0.37,
3702810260,W14,4031972,242333,120.1176139,36.38401944,2014,8,7,114.13,703.78,1277.27,174.78,64.91,7.01,106.28,113.29,125.74,639.46,139.15,2.34,0.39,
3702810260,W14,4031972,242333,120.1176139,36.38401944,2014,12,7.75,202.48,800.64,1367.21,211.91,65.91,8.53,106.73,115.26,122.41,584.08,246.88,9.17,0.3,
3702810260,W14,4031972,242333,120.1176139,36.38401944,2015,4,7.9,182.15,775.7,1405.95,198.58,67.93,5.78,108.45,114.23,122.37,664.59,222.09,0.1,0.44,
3702810260,W14,4031972,242333,120.1176139,36.38401944,2015,9,8.22,214.09,814.25,1393.66,216.16,66.63,6.41,106.01,112.42,134.04,585.86,261.04,0.67,0.35,
3702810260,W14,4031972,242333,120.1176139,36.38401944,2016,6,7.8,209.47,774.61,1541.27,202.71,65.21,5.27,106.2,111.47,152.78,749.93,255.44,2.44,0.48,
3702810260,W14,4031972,242333,120.1176139,36.38401944,2016,11,8.05,197.21,861.92,1422.84,234.8,66.95,4.38,138.69,143.07,121.92,614.31,240.49,0.95,,
3702810260,W14,4031972,242333,120.1176139,36.38401944,2017,7,7.52,,868.53,1284,222,75.08,6.41,107,113.41,128.87,609.4,279.23,1.2,0.54,
3702810260,W14,4031972,242333,120.1176139,36.38401944,2017,10,7.4,,934.55,1337,244.09,77.95,5.23,80.56,85.79,130.67,682.51,215.33,2.59,0.22,
3702810265,W16,4031696,244347,120.1510639,36.38191944,2000,9,7.9,184.57,791.16,1435.71,223.86,56.37,4.53,125,129.53,177.07,606.52,225.06,0.5,0.55,
3702810265,W16,4031696,244347,120.1510639,36.38191944,2001,6,7.8,222.5,764.34,1641.36,195.03,67.34,28,195,223,394.13,282.52,271.32,190,0.5,
3702810265,W16,4031696,244347,120.1510639,36.38191944,2002,9,7.6,110.76,760.28,1232.45,189.18,69.92,3.37,105.63,109,125.4,642.83,135.05,7.47,0.5,
3702810265,W16,4031696,244347,120.1510639,36.38191944,2003,6,8,141.03,725.6,1297.61,187.32,62.61,4.2,106,110.2,127.51,610.82,171.95,6.35,0.55,
3702810265,W16,4031696,244347,120.1510639,36.38191944,2013,7,8.4,156.84,846.71,1504.97,220.27,72.03,10.25,132.5,142.75,184.81,637.95,172.77,50.4,0.31,
3702810265,W16,4031696,244347,120.1510639,36.38191944,2013,10,7.16,170.73,612.53,1133.46,159.1,52.26,5.23,99.15,104.38,110.59,478.5,208.17,0.18,0.43,
3702810265,W16,4031696,244347,120.1510639,36.38191944,2014,8,6.96,114.13,804.32,1474.25,188.53,80.98,11.05,119.39,130.44,153.68,738.93,139.15,21.93,0.4,
3702810265,W16,4031696,244347,120.1510639,36.38191944,2014,12,7.52,177.48,655.07,1256.09,168.8,56.71,9.46,116.43,125.89,157.68,509.52,216.4,8.67,0.25,
3702810265,W16,4031696,244347,120.1510639,36.38191944,2015,4,7.95,165.37,658.94,1284.75,152.29,67.65,7.26,131.58,138.84,161.96,527.76,201.64,17.48,0.41,
3702810265,W16,4031696,244347,120.1510639,36.38191944,2015,9,8.03,207.11,715.68,1278.57,186.56,60.65,7.66,98.44,106.1,126.11,526.21,252.53,3.61,0.3,
3702810265,W16,4031696,244347,120.1510639,36.38191944,2016,6,7.75,127.73,459.6,821.52,110.55,44.59,8.54,73.19,81.73,102.54,277.32,155.75,48.32,0.13,
3702810265,W16,4031696,244347,120.1510639,36.38191944,2016,11,7.85,178.72,316.76,1006.32,119.85,4.25,7.01,149.97,156.98,207.55,286.59,217.94,12.77,,
3702810265,W16,4031696,244347,120.1510639,36.38191944,2017,7,7.37,,371.87,796,84.23,38.64,5.31,124.8,130.11,221.49,197.7,193.31,7.7,0.38,
3702810265,W16,4031696,244347,120.1510639,36.38191944,2017,10,7.1,,406.32,762,97.63,38.98,4.18,94.95,99.13,144.42,253.5,190.86,22.07,0.14,
3702810267,W13,4038011,241640,120.1187722,36.43808611,2002,9,7.6,179.01,434.35,500.51,133.47,24.55,,,5.1,77.43,150.81,218.29,,,
3702810267,W13,4038011,241640,120.1187722,36.43808611,2003,6,7.8,171.25,342.86,716.77,88.34,29.69,0.35,74.4,74.75,94.33,111.6,208.8,93.75,1.9,
3702810267,W13,4038011,241640,120.1187722,36.43808611,2004,9,7.6,,458,1350,142,25.1,,,40.9,80.7,109,211,39,0.7,
3702810267,W13,4038011,241640,120.1187722,36.43808611,2005,4,7.7,,427,694,146,31.6,,,55.5,81.5,76.4,248,19.9,1,
3702810267,W13,4038011,241640,120.1187722,36.43808611,2006,9,7.8,,392,788.9,112,27.3,,,62.9,123,145,250,22.4,1.2,
3702810267,W13,4038011,241640,120.1187722,36.43808611,2007,4,8.1,,455,718,101,49.2,,,89.7,126,108,244,25.3,1.6,
3702810267,W13,4038011,241640,120.1187722,36.43808611,2008,9,7.3,,415,647.5,90,21.2,,,108,139,103,177,24.5,1,
3702810267,W13,4038011,241640,120.1187722,36.43808611,2009,4,7.3,,420,847.6,109.2,63.1,,,79.3,137,133,300,24.4,1.6,
3702810267,W13,4038011,241640,120.1187722,36.43808611,2010,9,7.4,,626,1050,200.42,53.85,,,177.54,187,151,,,0.98,
3702810267,W13,4038011,241640,120.1187722,36.43808611,2011,4,7.6,,385,927.19,70.8,25.3,,,163.84,116,124,146.5,280.8,1.7,
3702810267,W13,4038011,241640,120.1187722,36.43808611,2011,9,7.5,,448,1136.33,82.4,29.4,,,203.3,122,124,394.5,180.7,1.8,
3702810267,W13,4038011,241640,120.1187722,36.43808611,2012,4,7.6,,531,1501,97.7,34.8,,,222.2,182,137,482,278.1,1.21,
3702810267,W13,4038011,241640,120.1187722,36.43808611,2012,9,7.8,,524,1275,96.4,34.4,,,289.3,134,155,446,187.3,1.1,
3702810267,W13,4038011,241640,120.1187722,36.43808611,2013,10,8.3,178.38,637.46,1182.95,201.8,32.42,1.61,70.81,72.42,128.58,159.81,217.49,353.31,0.81,
3702810267,W13,4038011,241640,120.1187722,36.43808611,2014,8,7.5,95.11,338.4,697.82,98.19,22.63,1.34,74.47,75.81,115.26,144.38,115.96,109.91,1.04,
3702810267,W13,4038011,241640,120.1187722,36.43808611,2014,12,7.81,207.48,606.55,1105.79,183.37,36.09,3.66,73.2,76.86,124.17,145.35,252.98,276.41,0.95,
3702810267,W13,4038011,241640,120.1187722,36.43808611,2015,4,7.75,177.35,579.18,1059.51,172.66,35.93,0.7,66.66,67.36,120.57,140.74,216.25,291.63,1.24,
3702810267,W13,4038011,241640,120.1187722,36.43808611,2015,9,8.28,186.17,399.84,838.87,115.71,26.93,1.07,83.87,84.94,116.2,166.77,226.99,99.36,0.84,
3702810267,W13,4038011,241640,120.1187722,36.43808611,2016,6,7.8,204.36,387.43,932.68,115.35,24.15,0.2,81.61,81.81,136.43,195.51,249.21,127.75,1.72,
3702810267,W13,4038011,241640,120.1187722,36.43808611,2016,11,8.25,209.54,743.33,1197.06,257.96,24.1,11.92,270.06,281.98,115.15,156.63,225.46,105.75,0.21,
3702810267,W13,4038011,241640,120.1187722,36.43808611,2017,7,7.72,,413.5,684,116.2,29.44,1.3,79.02,80.32,92.62,168.9,220.16,80.72,1.14,
3702810267,W13,4038011,241640,120.1187722,36.43808611,2017,10,7.82,,355.5,692,102.21,24.36,2.61,72.03,74.64,105.33,157.48,197.03,82.56,1.07,
3702820277,W12,4038873,244833,120.15425,36.44655,2002,9,7.6,160.6,320.29,508.36,89.94,23.24,2.09,37.09,39.18,74.85,69.93,195.82,92.83,0.4,
3702820277,W12,4038873,244833,120.15425,36.44655,2003,6,7.6,168.7,608.65,1084.98,186.26,34.85,1.6,79,80.6,185.56,236.52,205.73,136.25,0.2,
3702820277,W12,4038873,244833,120.15425,36.44655,2013,7,8.2,134.12,407.17,859.85,111.21,31.43,4.4,87.4,91.8,12.44,132.84,163.51,188.38,0.14,
3702820277,W12,4038873,244833,120.15425,36.44655,2013,10,6.94,198.76,467.1,988,135.1,31.5,5.17,92.02,97.19,126.19,161.2,242.35,181.36,0.19,
3702820277,W12,4038873,244833,120.15425,36.44655,2014,8,7.69,85.59,608.15,1069.26,188.53,33.35,1.75,63.4,65.15,136.22,168.94,104.37,355.34,0.4,
3702820277,W12,4038873,244833,120.15425,36.44655,2014,12,7.52,177.48,433.68,853.12,121.44,31.67,2.12,96.38,98.5,161.21,193.64,216.4,23.02,0.37,
3702820277,W12,4038873,244833,120.15425,36.44655,2015,4,8.17,208.51,458.95,1130.42,98.6,51.65,6.38,182.95,189.33,255.54,239.77,254.24,24.6,0.61,
3702820277,W12,4038873,244833,120.15425,36.44655,2015,9,8.04,272.27,565.6,1184.72,158.31,41.34,1.59,115.77,117.36,147.92,254.13,331.98,113.03,0.31,
3702820277,W12,4038873,244833,120.15425,36.44655,2016,6,6.85,296.33,539.33,1312.46,160.62,33.58,0.65,138.39,139.04,209.07,348.97,361.35,57.37,0.44,
3702820277,W12,4038873,244833,120.15425,36.44655,2016,11,7.8,215.7,472.09,903.69,143.31,27.75,0.59,89.82,90.41,170.34,199.38,263.03,9.12,0.03,
3702820277,W12,4038873,244833,120.15425,36.44655,2017,7,7.38,,401.95,584,113.8,28.11,3.63,43.18,46.81,64.43,137.07,182.57,131.38,0.42,
3702820277,W12,4038873,244833,120.15425,36.44655,2017,10,7.39,,653.26,1156,197.13,39.12,11.08,77.33,88.41,141.66,183.73,298.68,305.6,0.15,
3702820305,W9,4050549,247618,120.1675222,36.55250833,2001,6,8,82.22,344.26,642.66,92.35,27.6,1.4,44,45.4,70.59,156.28,100.27,127.5,0.15,
3702820305,W9,4050549,247618,120.1675222,36.55250833,2002,9,7,176.21,436.39,724.09,127.78,28.49,1.93,62.24,64.17,113.41,160.23,214.85,103.72,0.36,
3702820305,W9,4050549,247618,120.1675222,36.55250833,2003,6,8.4,65.51,422.58,830.18,107.5,37.44,4.25,63.2,67.45,136.84,135.48,55.27,222.5,0.25,
3702820305,W9,4050549,247618,120.1675222,36.55250833,2004,9,7.5,,487,926,88.6,64.5,,,43.5,130,108,281,13.3,0.4,
3702820305,W9,4050549,247618,120.1675222,36.55250833,2005,4,7.9,,363,631,76.4,14.8,,,17.3,118,76.2,181,24.4,0.4,
3702820305,W9,4050549,247618,120.1675222,36.55250833,2006,9,7.9,,445,859.31,143,21.3,,,47.1,119,179,280,17,0.2,
3702820305,W9,4050549,247618,120.1675222,36.55250833,2007,4,8.1,,492,786,190,4.3,,,95.8,116,133,281,15,0.2,
3702820305,W9,4050549,247618,120.1675222,36.55250833,2008,9,7.7,,298,788,139,14,,,99.8,116,182,205,35.9,0.2,
3702820305,W9,4050549,247618,120.1675222,36.55250833,2009,4,7.5,,430,856.4,186.9,14.7,,,61.3,122,146,295,30.4,0.2,
3702820305,W9,4050549,247618,120.1675222,36.55250833,2010,9,7.5,,325,617,94.53,13.02,,,66.81,84.1,85,,124,0.42,
3702820305,W9,4050549,247618,120.1675222,36.55250833,2011,4,7.4,,365,794.13,67.2,24,,,139.2,128,152,170.9,112.9,0.31,
3702820305,W9,4050549,247618,120.1675222,36.55250833,2011,9,7.6,,455,1112.89,83.7,29.9,,,187.9,82.6,141,367.7,220.1,0.38,
3702820305,W9,4050549,247618,120.1675222,36.55250833,2012,4,7.5,,414,988,76.2,27.2,,,224.1,116,138,404.1,52.3,0.2,
3702820305,W9,4050549,247618,120.1675222,36.55250833,2012,9,7.3,,396,1120,72.9,26,,,173.9,159,137,454.4,46.5,0.12,
3702820305,W9,4050549,247618,120.1675222,36.55250833,2013,7,8.2,93.63,558.2,1049.32,147.93,45.84,1.7,73,74.7,130.23,212.65,114.15,301.5,0.13,
3702820305,W9,4050549,247618,120.1675222,36.55250833,2013,10,6.99,66.25,503.79,918.09,128.7,44.29,1.84,65.41,67.25,128.21,179.73,80.78,266.54,0.17,
3702820305,W9,4050549,247618,120.1675222,36.55250833,2014,8,6.95,71.33,527.22,919.69,133.54,47.04,2.85,61.61,64.46,134.47,178.28,86.97,251.72,0.19,
3702820305,W9,4050549,247618,120.1675222,36.55250833,2014,12,7.27,132.49,559.54,1004.95,140.26,50.81,5.7,75.72,81.42,157.68,206.26,161.54,189.13,0.22,
3702820305,W9,4050549,247618,120.1675222,36.55250833,2015,4,7.96,119.83,531.78,945.58,137.48,45.76,2.14,68.7,70.84,149.37,183.18,146.11,187.01,0.29,
3702820305,W9,4050549,247618,120.1675222,36.55250833,2015,9,8.2,209.44,436.8,913.15,121.09,32.64,10.57,69.95,80.52,102.32,142.51,255.37,157.17,0.19,
3702820305,W9,4050549,247618,120.1675222,36.55250833,2016,6,7.4,224.8,504.67,999.8,138.64,38.61,2.89,83.24,86.13,105.93,153,274.13,203.02,0.01,
3702820305,W9,4050549,247618,120.1675222,36.55250833,2016,11,7.75,178.72,506.61,906.71,142.46,36.66,1.97,92.62,94.59,105.57,140.26,217.94,168.84,,
3702820305,W9,4050549,247618,120.1675222,36.55250833,2017,6,7.01,,695.36,1112,191.84,52.55,23.53,127.22,150.75,213.44,380.06,291.52,20,0.036,
3702820305,W9,4050549,247618,120.1675222,36.55250833,2017,10,7.78,,894.42,1508,260.25,59.41,2.85,85.17,88.02,182.84,342.94,120.43,521.26,0.03,
3702820348,W10,4048776,244951,120.1520861,36.535925,2002,9,7.6,60.41,471.62,830.17,116.71,43.76,3.21,69.06,72.27,158.78,142.94,73.66,236.39,0.16,
3702820348,W10,4048776,244951,120.1520861,36.535925,2003,6,8,93.18,651.19,1108.63,199.03,37.44,1.7,52.5,54.2,148.24,211.26,113.61,330,0.25,
3702820348,W10,4048776,244951,120.1520861,36.535925,2004,9,7.5,,562,1040,141,51,,,159,196,125,385,44.6,1,
3702820348,W10,4048776,244951,120.1520861,36.535925,2006,9,7.5,,353,1048.6,88.4,32.1,,,,171,138,338,45.3,0.8,
3702820348,W10,4048776,244951,120.1520861,36.535925,2007,4,7.8,,523,836.52,139,42.7,,,102,186,117,199,50.6,0.2,
3702820348,W10,4048776,244951,120.1520861,36.535925,2008,9,7.2,,415,1100,97.6,38.5,,,236.5,189,138,373,26.8,0.8,
3702820348,W10,4048776,244951,120.1520861,36.535925,2009,4,7.5,,291,807.2,124.1,41.2,,,235,110,143,243,37,0.4,
3702820348,W10,4048776,244951,120.1520861,36.535925,2010,9,7.2,,464,920,197.36,65.22,,,108.4,317,213,575.72,124.44,1.42,
3702820348,W10,4048776,244951,120.1520861,36.535925,2011,4,,,341,895.25,62.7,22.4,,,264.95,123,204,199.6,106.3,1.36,
3702820348,W10,4048776,244951,120.1520861,36.535925,2011,9,7.8,,447,1101.14,82.2,29.3,,,177.27,167,95.3,414.1,112,0.87,
3702820348,W10,4048776,244951,120.1520861,36.535925,2012,4,7,,432,988,79.5,28.3,,,201.2,133,102,381.4,94.8,1.22,
3702820348,W10,4048776,244951,120.1520861,36.535925,2012,9,7.3,,417,1044,76.7,27.4,,,191,142,108,399.3,99.6,1.33,
3702820348,W10,4048776,244951,120.1520861,36.535925,2013,7,8.3,80.97,407.17,859.85,176,31.43,4.4,87.4,168.7,125.44,132.84,163.51,392.75,0.12,
3702820348,W10,4048776,244951,120.1520861,36.535925,2013,10,6.99,81.54,485.65,1197.83,109.4,51.59,2.09,169.9,171.99,121.44,277,99.42,354.18,0.15,
3702820348,W10,4048776,244951,120.1520861,36.535925,2014,8,7.16,90.35,686.62,1160.83,183.62,55.38,3.19,57.4,60.59,120.5,238.48,110.16,379.66,0.28,
3702820348,W10,4048776,244951,120.1520861,36.535925,2014,12,7.36,89.99,667.2,1123.92,173.65,56.71,2.9,65.11,68.01,113.59,241.38,109.73,351.87,0.16,
3702820348,W10,4048776,244951,120.1520861,36.535925,2015,4,7.9,95.87,650.85,1127.93,174.98,51.93,2.81,68.3,71.11,116.97,208.13,116.89,370.27,0.25,
3702820348,W10,4048776,244951,120.1520861,36.535925,2015,9,7.85,116.35,1016.97,1678.64,343.8,38.46,1.92,72.13,74.05,185.6,260.41,141.87,622.03,0.19,
3702820348,W10,4048776,244951,120.1520861,36.535925,2016,6,5.5,51.09,718.35,,182.77,63.64,2.65,70.25,72.9,205.02,315.96,62.3,518.57,0.02,
3702820348,W10,4048776,244951,120.1520861,36.535925,2016,11,8.05,154.07,615.81,1197.99,151.83,57.49,7.32,144.12,151.44,171.63,193.35,187.88,284.04,,
3702820348,W10,4048776,244951,120.1520861,36.535925,2017,7,6.93,,545.73,988,129.3,53.29,13.66,83.92,97.58,144.98,166.4,166.46,324.72,0.16,
3702820348,W10,4048776,244951,120.1520861,36.535925,2017,10,7.37,,698.84,1164,187.39,56.09,3.84,54.1,57.94,112.6,259.56,95.32,437.2,,
3702820363,W7,4057678,253997,120.2501528,36.61821111,2002,9,7.3,123.35,723.45,1200.67,233.27,34.23,5.86,56.82,62.68,132.53,167.91,150.4,472.15,0.24,
3702820363,W7,4057678,253997,120.2501528,36.61821111,2003,6,7.55,126.21,685.72,1195.99,217.12,34.85,5.1,53,58.1,129.58,151.56,153.92,437.5,0.3,
3702820363,W7,4057678,253997,120.2501528,36.61821111,2004,9,7.6,,267,597,68.6,23.2,,,181,247,50.8,123,35.6,0.2,
3702820363,W7,4057678,253997,120.2501528,36.61821111,2006,9,6.9,,405,599.1,113,29.8,,,,91.7,150,110,42.7,0.2,
3702820363,W7,4057678,253997,120.2501528,36.61821111,2007,4,7,,669,980.7,226,25.4,,,65.4,200,126,298,39.7,0.2,
3702820363,W7,4057678,253997,120.2501528,36.61821111,2008,9,7.8,,620,918,163.25,50.69,,,61.7,142,106,270,86.8,0.2,
3702820363,W7,4057678,253997,120.2501528,36.61821111,2009,4,7.4,,499,917.3,181.4,38.8,,,99.6,95,135,319,71.8,0.2,
3702820363,W7,4057678,253997,120.2501528,36.61821111,2010,9,7.5,,493,820,197.93,55.08,,,122.85,71.2,145,,,0.31,
3702820363,W7,4057678,253997,120.2501528,36.61821111,2011,4,7.3,,577,1164.6,106.2,37.9,,,76.2,93.6,128,135.2,500.4,0.35,
3702820363,W7,4057678,253997,120.2501528,36.61821111,2011,9,7.8,,645,1615.99,118.7,42.3,,,163.35,120,116,382.6,566.9,0.45,
3702820363,W7,4057678,253997,120.2501528,36.61821111,2012,4,7.2,,612,1769,112.6,40.2,,,269.5,112,155,419.7,606.7,0.19,
3702820363,W7,4057678,253997,120.2501528,36.61821111,2012,9,8.1,,603,2092,111,39.6,,,420.9,98.5,282,555.6,584.6,0.41,
3702820363,W7,4057678,253997,120.2501528,36.61821111,2013,7,8.1,172.05,512.31,985.91,140.37,39.29,0.85,87.4,322.8,158.96,138.09,209.79,192.62,0.2,
3702820363,W7,4057678,253997,120.2501528,36.61821111,2013,10,7.36,313.43,635,1181.3,194.5,36.25,0.74,75.78,76.52,141.8,156.57,382.16,176.07,0.25,
3702820363,W7,4057678,253997,120.2501528,36.61821111,2014,8,7.46,171.19,458.56,898.6,117.83,39.9,3.06,76.65,79.71,139.71,146.11,208.73,149.55,0.34,
3702820363,W7,4057678,253997,120.2501528,36.61821111,2014,12,7.59,254.97,579.25,964.89,156.05,46.03,0.96,40.39,41.35,124.17,99.26,310.89,8.84,0.27,
3702820363,W7,4057678,253997,120.2501528,36.61821111,2015,4,7.64,184.54,538.71,887.46,140.72,45.48,0.72,42.61,43.33,120.57,121.75,225.01,175.09,0.32,
3702820363,W7,4057678,253997,120.2501528,36.61821111,2015,9,7.97,279.25,604.8,1071.22,165.04,46.78,2.56,72.44,75,149.91,155.42,340.49,124.41,0.27,
3702820363,W7,4057678,253997,120.2501528,36.61821111,2016,6,7.95,112.4,310.39,579.58,86.65,22.84,1.61,48.87,50.48,77.44,130.78,137.06,73.46,0.29,
3702820363,W7,4057678,253997,120.2501528,36.61821111,2016,11,7.7,209.54,818.58,1247.39,243.05,51.42,10.3,123.9,134.2,201.2,101.85,255.52,259.78,,
3702820363,W7,4057678,253997,120.2501528,36.61821111,2017,7,7.57,,642.22,1240,145.8,66.53,3.5,184.6,188.1,273.84,150.8,381.25,204.83,0.52,
3702820363,W7,4057678,253997,120.2501528,36.61821111,2017,10,7.65,,616.8,1052,188.61,35.43,2.35,80.38,82.73,210.67,99.16,317.79,223.6,0.29,
3702830022,W2,4068084,252755,120.2190444,36.71178056,2001,6,8,111.25,420.08,790.59,109.94,35.34,4.75,62,66.75,167.65,80.51,135.66,172,0.11,
3702830022,W2,4068084,252755,120.2190444,36.71178056,2002,9,7,60.41,464.42,810.5,122.16,38.7,1.77,54.52,56.29,98.83,200.57,73.66,238.83,0.14,
3702830022,W2,4068084,252755,120.2190444,36.71178056,2003,6,8.6,30.32,419.93,736.45,108.56,36.14,2.05,51.25,53.3,93.3,195.19,24.56,207.5,0.25,
3702830022,W2,4068084,252755,120.2190444,36.71178056,2004,9,8.1,,489,907,122,44.8,,,65.5,130,112,194,45,0.2,
3702830022,W2,4068084,252755,120.2190444,36.71178056,2005,4,8.1,,437,731,126,44.2,,,69.1,121,105,183,21,0.1,
3702830022,W2,4068084,252755,120.2190444,36.71178056,2006,9,6.9,,449,945,41.5,83.8,,,146,115,230,303,25.6,0.2,
3702830022,W2,4068084,252755,120.2190444,36.71178056,2007,4,7.6,,443,868.1,127,30.6,,,105,111,172,303,19.3,0.2,
3702830022,W2,4068084,252755,120.2190444,36.71178056,2008,9,7.7,,377,816,45,75.6,,,128,115,185,243.7,23.6,0.2,
3702830022,W2,4068084,252755,120.2190444,36.71178056,2009,4,7.3,,465,916.6,124.1,37.3,,,115.9,126,176,310,27.1,0.2,
3702830022,W2,4068084,252755,120.2190444,36.71178056,2010,9,7.1,,392,735,50.2,59.11,,,97.21,118,157,,81.04,0.21,
3702830022,W2,4068084,252755,120.2190444,36.71178056,2011,4,7.2,,357,720.19,65.7,23.4,,,119.95,113,167,170.9,60.2,,
3702830022,W2,4068084,252755,120.2190444,36.71178056,2011,9,7.7,,410,834.08,75.4,26.9,,,128.2,113,81.7,333.1,75.7,0.18,
3702830022,W2,4068084,252755,120.2190444,36.71178056,2012,4,6.9,,397,1037,73,26.1,,,190.7,114,122,382.6,128.9,0.19,
3702830022,W2,4068084,252755,120.2190444,36.71178056,2012,9,7.6,,437,946,80.4,28.7,,,152.5,116,106,365.8,96.1,0.15,
3702830022,W2,4068084,252755,120.2190444,36.71178056,2013,7,8.2,91.08,563.56,1021.61,150.09,45.84,6.55,72,78.55,139.81,225.78,111.07,252.5,0.16,
3702830022,W2,4068084,252755,120.2190444,36.71178056,2013,10,7.4,219.15,557.94,1078.77,148.7,45.31,7.34,90.04,97.38,160.11,258.48,267.2,84.42,0.28,
3702830022,W2,4068084,252755,120.2190444,36.71178056,2014,8,7.42,142.66,760.18,1522.16,174.78,78.6,29.72,134.62,164.34,235.77,288.65,173.94,377.45,0.33,
3702830022,W2,4068084,252755,120.2190444,36.71178056,2014,12,7.59,232.48,642.94,1292.17,163.94,56.71,11.42,134.06,145.48,161.21,373.99,283.46,95.44,0.25,
3702830022,W2,4068084,252755,120.2190444,36.71178056,2015,4,7.45,220.49,645.07,1269.16,153.68,63.44,8.38,126.58,134.96,160.16,359.29,268.85,105.56,0.34,
3702830022,W2,4068084,252755,120.2190444,36.71178056,2015,9,8.1,228.06,601.44,1485.32,126.65,69.24,93.88,131.91,225.79,197.5,217.16,278.07,332.94,0.21,
3702830022,W2,4068084,252755,120.2190444,36.71178056,2016,6,7.3,102.18,758.17,1330.75,208.91,57.45,7.95,69.57,77.52,145.32,287.31,124.6,428.99,0.01,
3702830022,W2,4068084,252755,120.2190444,36.71178056,2016,11,8.05,172.56,703.41,1192.77,221.94,36.25,3,80.93,83.93,197.48,114.75,172.85,328.24,0.01,
3702830022,W2,4068084,252755,120.2190444,36.71178056,2017,6,7.07,,598.78,1368,228.97,92.9,10.67,81.78,92.45,233.57,648.9,70.25,7.55,0.064,
3702830022,W2,4068084,252755,120.2190444,36.71178056,2017,10,7.64,,887.23,1600,232.4,74.56,9.95,83.17,93.12,156.72,331.43,63.14,602.36,0.03,
3702830024,W3,4063504,249988,120.2007528,36.66983056,2002,9,7,95.66,492.44,866.17,137.23,35.88,1.85,58.97,60.82,99.48,124.11,116.63,329.9,0.14,
3702830024,W3,4063504,249988,120.2007528,36.66983056,2003,6,8.3,85.63,326.94,585.69,87.27,26.46,2.05,38.5,40.55,61.16,89.56,85.97,177.5,0.1,
3702830024,W3,4063504,249988,120.2007528,36.66983056,2004,9,6.7,,333,723,79.7,32.5,,,65.9,98.6,93.1,116,37.4,0.2,
3702830024,W3,4063504,249988,120.2007528,36.66983056,2005,4,7.1,,397,695,81.2,35.9,,,69.4,97.8,91.6,127,42,0.2,
3702830024,W3,4063504,249988,120.2007528,36.66983056,2006,9,7.2,,513,904,119,52.4,,,139,165,209,161,58.6,0.2,
3702830024,W3,4063504,249988,120.2007528,36.66983056,2007,4,7.3,,609,984.2,157,52.7,,,126,195,184,206,63.3,0.2,
3702830024,W3,4063504,249988,120.2007528,36.66983056,2008,9,7.6,,458,1113,202,76,,,235,191,202,155.6,50.5,0.6,
3702830024,W3,4063504,249988,120.2007528,36.66983056,2009,4,7.6,,664,1367.9,218.2,73.2,,,175.1,280,244,312,65,0.2,
3702830024,W3,4063504,249988,120.2007528,36.66983056,2010,9,6.9,,444,956,79.2,50.54,,,153.63,211,132,,212.13,0.01,
3702830024,W3,4063504,249988,120.2007528,36.66983056,2011,4,7.1,,192,1175.76,35.3,12.6,,,310.71,187,181,224.6,224.5,0.19,
3702830024,W3,4063504,249988,120.2007528,36.66983056,2011,9,7.9,,554,1344.74,101.9,36.4,,,218.8,157,140,455.6,219,0.2,
3702830024,W3,4063504,249988,120.2007528,36.66983056,2012,4,7.2,,586,1262,107.8,38.5,,,199.8,140,147,443.6,185.1,0.18,
3702830024,W3,4063504,249988,120.2007528,36.66983056,2012,9,7.5,,546,1232,100.5,35.8,,,203.1,138,139,431.7,183.8,0.08,
3702830024,W3,4063504,249988,120.2007528,36.66983056,2013,7,8.3,75.92,436.84,868.71,117.69,34.7,3.4,67,70.4,98.63,170.65,92.56,258.82,0.12,
3702830024,W3,4063504,249988,120.2007528,36.66983056,2013,10,6.81,89.18,541.58,972.28,156.1,36.85,3.86,59.02,62.88,94.98,235.32,108.74,255.3,0.18,
3702830024,W3,4063504,249988,120.2007528,36.66983056,2014,8,7.15,80.84,419.33,779.41,108.99,35.73,7.31,52.58,59.89,94.31,134.34,98.57,224.74,0.22,
3702830024,W3,4063504,249988,120.2007528,36.66983056,2014,12,7.65,67.49,228.97,470.79,53.43,23.2,4.63,37.62,42.25,55.38,60.48,82.29,135.96,0.17,
3702830024,W3,4063504,249988,120.2007528,36.66983056,2015,4,7.7,69.5,230.05,483.75,60.64,19.09,1.89,40.83,42.72,57.59,62.55,84.75,135.36,0.25,
3702830024,W3,4063504,249988,120.2007528,36.66983056,2015,9,8.09,197.8,501.76,1042.15,131.4,42.16,14.56,106.56,121.12,237.95,138.33,241.18,110.09,0.2,
3702830024,W3,4063504,249988,120.2007528,36.66983056,2016,6,6.8,229.91,453.68,1096.23,115.3,40.27,26.2,87.19,113.39,167.41,190.3,280.36,188.2,0.22,
3702830024,W3,4063504,249988,120.2007528,36.66983056,2016,11,8.1,129.42,633.9,1185.67,175.42,47.58,3.57,132.52,136.09,178.46,182.12,157.82,307.81,,
3702830024,W3,4063504,249988,120.2007528,36.66983056,2017,7,7.12,,672.75,1052,171.2,58.61,4.14,53.13,57.27,116.79,215.4,85.92,405.77,0.36,
3702830024,W3,4063504,249988,120.2007528,36.66983056,2017,10,7.44,,498.3,804,135.07,39.12,6.88,53.87,60.75,152.55,186.65,108.05,200.4,0.05,
3702830039,W8,4056774,248995,120.1946667,36.60890833,2002,9,7.1,148.02,386.35,613.15,120.24,20.91,1.29,35.38,36.67,79.39,66.09,180.48,184.3,0.76,
3702830039,W8,4056774,248995,120.1946667,36.60890833,2003,6,8,125.91,337.55,619.06,105.37,18.07,0.95,35.3,36.25,72.57,59.7,153.53,155,0.7,
3702830039,W8,4056774,248995,120.1946667,36.60890833,2004,9,6.9,,481,938,138,22,,,36.25,152,103,185,41.8,0.2,
3702830039,W8,4056774,248995,120.1946667,36.60890833,2006,9,8.1,,483,853.4,142,31.2,,,70.9,171,143,216,39,0.2,
3702830039,W8,4056774,248995,120.1946667,36.60890833,2007,4,7.8,,487,773.41,189,3.7,,,77.8,145,110,204,43.7,0.2,
3702830039,W8,4056774,248995,120.1946667,36.60890833,2008,9,7.5,,394,831,128,40.4,,,111,132,159,240,23.4,0.2,
3702830039,W8,4056774,248995,120.1946667,36.60890833,2009,4,7.5,,422,930.1,207.3,14.5,,,108,174,147,245,38.6,0.2,
3702830039,W8,4056774,248995,120.1946667,36.60890833,2010,9,7.5,,519,879,160,46.37,,,103.6,137,119,,328.16,1.38,
3702830039,W8,4056774,248995,120.1946667,36.60890833,2011,4,7.8,,353,1219.89,65,23.2,,,136.09,143,248,238.6,233.4,1.58,
3702830039,W8,4056774,248995,120.1946667,36.60890833,2011,9,7.7,,478,1028.62,88,31.4,,,268.75,103,80.2,319.4,56.4,1.1,
3702830039,W8,4056774,248995,120.1946667,36.60890833,2012,4,7.3,,353,1050,65,23.2,,,157,92.4,83.6,310.7,275.5,0.62,
3702830039,W8,4056774,248995,120.1946667,36.60890833,2012,9,8,,339,1002,62.4,22.2,,,199.9,108,96.6,345,172.3,0.57,
3702830039,W8,4056774,248995,120.1946667,36.60890833,2013,7,7.7,129.07,579.72,1093.38,157.64,45.18,1.25,84,85.25,179.07,175.9,157.34,271.35,0.26,
3702830039,W8,4056774,248995,120.1946667,36.60890833,2013,10,7.03,86.64,538.28,963.95,163.7,31.44,1.14,49.52,50.66,110.59,144.99,105.64,337.48,0.32,
3702830039,W8,4056774,248995,120.1946667,36.60890833,2014,4,7.5,90.11,356.75,664.29,102.76,24.31,1.06,48.53,49.59,84.58,147.44,109.88,122.45,0.43,
3702830039,W8,4056774,248995,120.1946667,36.60890833,2014,8,7.33,71.33,429.14,744.55,122.74,29.77,1.57,52.36,53.93,118.76,123.96,86.97,192.04,0.58,
3702830039,W8,4056774,248995,120.1946667,36.60890833,2014,12,7.89,87.49,360.89,668.75,102.61,25.41,3.97,52.67,56.64,85.37,155.78,106.68,122.45,0.37,
3702830039,W8,4056774,248995,120.1946667,36.60890833,2015,4,,,,,,,1.06,48.53,49.59,84.58,147.44,109.88,122.45,0.43,
3702830039,W8,4056774,248995,120.1946667,36.60890833,2015,9,8.14,186.17,607.04,1068.97,184.32,35.63,0.83,56.72,57.55,112.23,157.51,226.99,275.05,0.5,
3702830039,W8,4056774,248995,120.1946667,36.60890833,2016,6,7,214.58,535.46,1053.58,166.98,28.79,0.59,57.08,57.67,155.6,178.91,261.67,202.42,0.76,
3702830039,W8,4056774,248995,120.1946667,36.60890833,2016,11,8.1,55.47,473.71,866.14,126.89,38.11,4.02,40.75,44.77,81.46,125.91,67.64,381.03,,
3702830039,W8,4056774,248995,120.1946667,36.60890833,2017,7,7.76,,747.96,1064,232.98,40.37,2.11,55.89,58,197.86,231.33,202.02,174.26,0.47,
3702830039,W8,4056774,248995,120.1946667,36.60890833,2017,10,8.49,,400,692,115.97,26.82,1,45.29,46.29,74.63,153.1,98.22,207.55,0.19,
3702830287,W11,4043560,244946,120.1512139,36.48891111,2002,9,7.6,166.14,460.41,747.74,128.42,33.94,1.37,56.15,57.52,131.56,89.14,202.57,183.09,0.54,
3702830287,W11,4043560,244946,120.1512139,36.48891111,2003,6,7.6,198.93,629.92,1108.2,192.64,36.14,3.2,56.8,60,160.68,110.22,242.57,285,0.4,
3702830287,W11,4043560,244946,120.1512139,36.48891111,2004,9,7.6,,558,975,149,45.7,,,69.1,127,97.5,253,58.2,0.6,
3702830287,W11,4043560,244946,120.1512139,36.48891111,2005,4,7.7,,662,992,146,53.4,,,54.2,120,100,149,88.9,0.2,
3702830287,W11,4043560,244946,120.1512139,36.48891111,2006,9,6.7,,459,727.6,76.9,64.8,,,78.5,113,127,229,38.2,0.2,
3702830287,W11,4043560,244946,120.1512139,36.48891111,2007,4,7.6,,584,885.8,190,26.6,,,90.7,122,128,259,69.3,0.2,
3702830287,W11,4043560,244946,120.1512139,36.48891111,2008,9,7.6,,330,711.8,104.6,78.7,,,101.7,79.5,108,195,44.1,0.2,
3702830287,W11,4043560,244946,120.1512139,36.48891111,2009,4,7.3,,512,1068.5,219.2,37.1,,,114.4,158,147,297,95.4,0.4,
3702830287,W11,4043560,244946,120.1512139,36.48891111,2010,9,7,,555,968,117.34,48.45,,,120.83,103,136,,234.71,0.016,
3702830287,W11,4043560,244946,120.1512139,36.48891111,2011,4,7.5,,510,1228.52,93.8,33.5,,,215.8,128,212,207.5,337.9,1.85,
3702830287,W11,4043560,244946,120.1512139,36.48891111,2011,9,7.9,,472,1159.03,86.8,31,,,196.2,99.1,115,356.4,275,0.39,
3702830287,W11,4043560,244946,120.1512139,36.48891111,2012,4,7.3,,612,1482,112.6,40.2,,,248.5,132,141,426.9,380.4,1.53,
3702830287,W11,4043560,244946,120.1512139,36.48891111,2012,9,7.9,,541,1412,99.5,35.5,,,250.4,127,134,412.5,353.4,1.54,
3702830287,W11,4043560,244946,120.1512139,36.48891111,2013,7,8.1,161.95,509.66,1140.56,119.85,51.07,27.75,110,137.75,144.6,215.28,197.45,251.3,0.31,
3702830287,W11,4043560,244946,120.1512139,36.48891111,2013,10,7.36,326.18,685.17,1394.15,204.3,42.29,15.44,109,124.44,146.55,184.36,,272.4,0.4,
3702830287,W11,4043560,244946,120.1512139,36.48891111,2014,8,7.4,133.15,252.58,539.47,61.86,23.82,7.05,48.79,55.84,64.62,83.48,162.35,67.1,0.56,
3702830287,W11,4043560,244946,120.1512139,36.48891111,2014,12,7.73,374.96,729.37,1483.22,209.48,50.08,19.08,120.59,139.67,152.39,158.89,457.19,299.54,0.39,
3702830287,W11,4043560,244946,120.1512139,36.48891111,2015,4,7.7,230.08,603.92,1249.62,135.17,64.68,16.53,107.05,123.58,147.57,153.02,280.54,315.64,0.44,
3702830287,W11,4043560,244946,120.1512139,36.48891111,2015,9,8.14,200.13,508.48,932.44,144.86,35.63,2.7,51.97,54.67,82.49,125.77,244.02,225.59,0.34,
3702830287,W11,4043560,244946,120.1512139,36.48891111,2016,6,7.85,306.55,663.53,1169.69,202.95,38.08,2.49,57.71,60.2,139.25,164.87,373.81,189.08,0.13,
3702830287,W11,4043560,244946,120.1512139,36.48891111,2016,11,7.8,178.72,619.23,1055.64,165.41,50.09,2.44,82,84.44,124.79,145.72,217.94,266.88,,
3702830287,W11,4043560,244946,120.1512139,36.48891111,2017,7,7.74,,531.88,868,129.8,50.47,9.79,77.88,87.67,156.64,119.57,340.91,152.95,0.47,
3702830287,W11,4043560,244946,120.1512139,36.48891111,2017,10,8.07,,370.55,664,105.16,26.23,21.18,62.73,83.91,97.02,98.93,294.65,85.09,0.37,
3702830378,W6,4060105,250112,120.2006278,36.63917222,2002,9,7.5,272.37,564.51,924.12,165.13,36.95,13.17,62.31,75.48,114.39,133.33,332.1,178.52,0.2,
3702830378,W6,4060105,250112,120.2006278,36.63917222,2003,6,7.9,130.97,580.47,1101.03,166.03,40.28,7.6,68,75.6,112.99,146.96,159.67,375,0.3,
3702830378,W6,4060105,250112,120.2006278,36.63917222,2004,9,6.9,,885,1650,220,81.5,,,72.6,381,125,76.3,83.9,0.2,
3702830378,W6,4060105,250112,120.2006278,36.63917222,2005,4,5.9,,812,1450,228,131,,,141,365,127,130,70.4,0.1,
3702830378,W6,4060105,250112,120.2006278,36.63917222,2006,9,7.9,,631,712.83,58.5,117,,,,175,193,75.5,54.2,0.2,
3702830378,W6,4060105,250112,120.2006278,36.63917222,2007,4,7.3,,812,1204.17,211,69.2,,,123,318,303,125,53.7,0.2,
3702830378,W6,4060105,250112,120.2006278,36.63917222,2008,9,7.7,,509,1274.3,110,189,,,36.3,,67.1,375.1,41.6,0.2,
3702830378,W6,4060105,250112,120.2006278,36.63917222,2009,4,7.4,,508,1322.8,253.9,83.9,,,85,439,213,173,23.5,0.2,
3702830378,W6,4060105,250112,120.2006278,36.63917222,2010,9,8.1,,534,1210,116.96,176.6,,,135.5,219,126,,80.16,0.01,
3702830378,W6,4060105,250112,120.2006278,36.63917222,2011,4,7.2,,628,724.68,115.6,41.2,,,120.43,143,105,151.4,131.1,0.19,
3702830378,W6,4060105,250112,120.2006278,36.63917222,2011,9,7.5,,579,1284.26,106.5,38,,,37.47,118,103,364.6,131.1,0.27,
3702830378,W6,4060105,250112,120.2006278,36.63917222,2012,4,7.5,,651,1355,119.8,42.7,,,199.4,127,125,401.7,339.2,0.016,
3702830378,W6,4060105,250112,120.2006278,36.63917222,2012,9,7.7,,497,1457,91.4,32.6,,,199.9,125,133,408.9,390.6,0.23,
3702830378,W6,4060105,250112,120.2006278,36.63917222,2013,7,8.7,217.6,496.15,1787.43,127.41,43.22,40,374,414,622.43,170.65,240.64,136.15,0.22,
3702830378,W6,4060105,250112,120.2006278,36.63917222,2013,10,6.9,214.05,495.71,1563.76,133.2,39.6,34.2,288.7,322.9,511.55,154.25,260.99,120.47,0.28,
3702830378,W6,4060105,250112,120.2006278,36.63917222,2014,8,7.05,183.08,436.49,1310.73,108.99,39.9,43.66,217.63,261.29,302.13,184.51,223.23,166.93,0.33,
3702830378,W6,4060105,250112,120.2006278,36.63917222,2014,12,7.79,154.98,471.59,1087.37,125.08,38.66,7.69,150.92,158.61,155.92,313.26,188.97,95.95,0.49,
3702830378,W6,4060105,250112,120.2006278,36.63917222,2015,4,7.95,159.14,469.35,1114.68,125.45,37.9,9.2,153.52,162.72,160.16,307.91,194.04,102.58,0.71,
3702830378,W6,4060105,250112,120.2006278,36.63917222,2015,9,7.95,197.8,506.24,1177.26,134.54,41.34,23.37,154.23,177.6,256.98,189.25,241.18,114.39,0.24,
3702830378,W6,4060105,250112,120.2006278,36.63917222,2016,6,6.4,301.44,758.95,3122.6,217.67,52.33,17.94,645.17,663.11,1454.23,256.29,367.58,109.99,0.1,
3702830378,W6,4060105,250112,120.2006278,36.63917222,2016,11,8.15,203.38,618.47,1941.75,173,45.3,10.92,421.37,432.29,718.05,220.79,232.97,104.2,,
3702830378,W6,4060105,250112,120.2006278,36.63917222,2017,7,8.23,,565.12,1124,153.1,44.41,12.24,155.2,167.44,305.01,209.69,252.53,119.22,0.19,
3702830378,W6,4060105,250112,120.2006278,36.63917222,2017,10,7.84,,591.4,1256,168.05,41.73,10.82,179.43,190.25,358.22,237.89,229.18,107.36,0.19,
3702830431,W4,4063084,257086,120.2691611,36.66780556,2002,9,7.1,188.29,535.68,865.36,158.24,34.13,7.31,60.01,67.32,154.24,111.81,229.58,206.54,0.08,
3702830431,W4,4063084,257086,120.2691611,36.66780556,2003,6,8.28,94.03,457.16,835.25,121.33,37.44,6,54,60,117.14,121.7,114.69,246.25,0.15,
3702830431,W4,4063084,257086,120.2691611,36.66780556,2004,9,6.9,,573,1120,159,42.7,,,60,161,125,133,81.5,0.2,
3702830431,W4,4063084,257086,120.2691611,36.66780556,2005,4,7.3,,269,656,147,24.7,,,92.3,151,116,63.1,26.9,0.2,
3702830431,W4,4063084,257086,120.2691611,36.66780556,2006,9,7.8,,680,952,180,56,,,27.8,156,218,118,105,0.2,
3702830431,W4,4063084,257086,120.2691611,36.66780556,2007,4,7.5,,500,1186,62,83.8,,,192,211,113,507,15,2.2,
3702830431,W4,4063084,257086,120.2691611,36.66780556,2008,9,7.9,,508,884,157,47,,,119,55.1,176,295,27.7,0.6,
3702830431,W4,4063084,257086,120.2691611,36.66780556,2009,4,7.5,,488,1100,60.7,75.2,,,125,295,80.7,362.1,23.4,0.4,
3702830431,W4,4063084,257086,120.2691611,36.66780556,2010,9,7.5,,432,761,95.76,25.07,,,202.4,103,82.2,,191.76,0.42,
3702830431,W4,4063084,257086,120.2691611,36.66780556,2011,4,7.5,,663,1500.07,122,43.5,,,79.41,182,252,264.9,380,0.19,
3702830431,W4,4063084,257086,120.2691611,36.66780556,2011,9,8,,422,1297.1,77.6,27.7,,,255.71,110,198,468,156.3,0.37,
3702830431,W4,4063084,257086,120.2691611,36.66780556,2012,4,7.4,,436,1159,80.2,28.6,,,258.6,104,177,436.5,118.7,0.38,
3702830431,W4,4063084,257086,120.2691611,36.66780556,2012,9,7.7,,416,1257,76.5,27.3,,,214,118,166,440,180.2,0.35,
3702830431,W4,4063084,257086,120.2691611,36.66780556,2013,7,8.1,80.97,598.59,1098.57,152.25,53.04,4.2,67,71.2,126.4,194.27,98.73,371.95,0.1,
3702830431,W4,4063084,257086,120.2691611,36.66780556,2013,10,,,,997.69,139.5,47.11,4.33,56.74,61.07,110.59,177.41,83.89,352.14,0.18,
3702830431,W4,4063084,257086,120.2691611,36.66780556,2014,8,7.18,57.06,750.37,1208.61,212.09,53.59,2.53,47.25,49.78,103.04,205.96,69.58,487.39,0.24,
3702830431,W4,4063084,257086,120.2691611,36.66780556,2014,12,7.56,94.99,597.45,1146.41,151.8,53.02,5.72,105.91,111.63,159.45,193.33,115.82,348.66,0.16,
3702830431,W4,4063084,257086,120.2691611,36.66780556,2015,4,7.35,251.65,359.53,826.74,110.17,20.49,2.99,91.05,94.04,102.58,119.89,306.84,47.28,0.39,
3702830431,W4,4063084,257086,120.2691611,36.66780556,2015,9,8.04,53.52,504,875.02,143.06,35.63,2.03,40,42.03,62.66,121.23,65.26,383.36,0.15,
3702830431,W4,4063084,257086,120.2691611,36.66780556,2016,6,6.9,127.73,724.8,1510.37,196.81,56.69,7.92,80.76,88.68,168.85,388.73,155.75,453.49,0.57,
3702830431,W4,4063084,257086,120.2691611,36.66780556,2016,11,7.9,104.77,360.53,809.97,130.5,32.71,2.67,71.36,74.03,88.45,128.9,127.76,227.28,,
3702830431,W4,4063084,257086,120.2691611,36.66780556,2017,7,8.28,,723.03,1072,193.04,58.54,10.26,79.27,89.53,189.62,199.42,252.53,192.33,0.17,
3702830431,W4,4063084,257086,120.2691611,36.66780556,2017,10,8.21,,736.19,1228,215.22,48.28,11.1,73.89,84.99,179.11,176.65,217.48,423.06,0.1,
3702830459,W1,4070711,254769,120.2519917,36.73572778,2002,9,7.5,111.77,524.47,893.43,142.68,40.84,3.94,56.67,60.61,111.79,93.37,136.28,353.36,0.14,
3702830459,W1,4070711,254769,120.2519917,36.73572778,2003,6,8,65.46,558.15,1017.67,142.62,49.05,4.9,62.4,67.3,121.29,107.01,79.83,425,0.1,
3702830459,W1,4070711,254769,120.2519917,36.73572778,2004,9,8.1,,489,907,122,44.8,,,,130,112,194,45,0.2,
3702830459,W1,4070711,254769,120.2519917,36.73572778,2013,7,8.5,98.69,369.43,725.07,89.62,35.36,3.3,61,64.3,97.67,105.01,107.98,198.72,0.16,
3702830459,W1,4070711,254769,120.2519917,36.73572778,2013,10,7.58,99.38,302.6,635.75,76.35,27.18,2.99,51.52,54.51,81.41,87.09,121.17,168.53,0.2,
3702830459,W1,4070711,254769,120.2519917,36.73572778,2014,8,7.16,104.62,407.07,768.17,105.06,35.13,4.75,60.51,65.26,104.78,108.05,127.56,487.39,0.27,
3702830459,W1,4070711,254769,120.2519917,36.73572778,2014,12,7.65,92.49,721.79,1337.78,188.23,61.12,7.73,120.95,128.68,138.28,366.12,112.77,333.81,0.56,
3702830459,W1,4070711,254769,120.2519917,36.73572778,2015,4,8.02,107.85,683.22,1430.36,182.38,55.3,8.35,138.86,147.21,143.97,400.24,131.5,356.2,0.77,
3702830459,W1,4070711,254769,120.2519917,36.73572778,2015,9,8,95.41,717.92,1331,196.88,54.94,7.66,87.78,95.44,138.01,305.41,116.33,407.32,0.46,
3702830459,W1,4070711,254769,120.2519917,36.73572778,2016,6,7.4,132.84,716.88,1330.42,194.84,55.96,7.74,89.94,97.68,136.02,349.73,161.98,332.92,0.65,
3702830459,W1,4070711,254769,120.2519917,36.73572778,2016,11,7.8,117.1,717.45,1305.97,192.66,57.42,8.17,95.69,103.86,137.55,341.74,142.79,329.61,,
3702830459,W1,4070711,254769,120.2519917,36.73572778,2017,7,8.31,,531.88,824,126.47,52.49,4.89,69.47,74.36,131.91,143.58,195.71,182.25,0.16,
3702830459,W1,4070711,254769,120.2519917,36.73572778,2017,10,8.19,,52024,896,131.69,46.49,4.15,74.56,78.71,141.8,160.17,160.19,266.4,0.1,
3702850115,W5,4063952,260218,120.3177972,36.67649444,2001,6,7.2,135.42,429.94,859.25,112.14,36.4,7.5,94,101.5,231.62,109.08,165.15,88.75,0.18,
3702850115,W5,4063952,260218,120.3177972,36.67649444,2002,9,7,244.68,412.37,714.62,109.18,33.94,6.02,69.66,75.68,102.4,125.65,298.34,99.61,0.3,
3702850115,W5,4063952,260218,120.3177972,36.67649444,2003,6,8.2,128.72,252.48,525.04,62.8,23.24,5,47,52,72.57,73.48,156.94,69,0.5,
3702850115,W5,4063952,260218,120.3177972,36.67649444,2004,9,6.5,,462,826,109,46.1,,,22.5,106,95.5,111,46.7,0.2,
3702850115,W5,4063952,260218,120.3177972,36.67649444,2005,4,6.6,,544,1280,152,43.8,,,10.7,117,230,141,48.7,0.2,
3702850115,W5,4063952,260218,120.3177972,36.67649444,2006,9,7.3,,523,869.6,147,37.9,,,113,113,322,84.5,52,0.2,
3702850115,W5,4063952,260218,120.3177972,36.67649444,2007,4,7.3,,519,758.71,131,46.6,,,77.9,105,248,97.2,52.8,0.2,
3702850115,W5,4063952,260218,120.3177972,36.67649444,2008,9,7.8,,603,928,202,47,,,207,121,108,190.5,53.1,0.2,
3702850115,W5,4063952,260218,120.3177972,36.67649444,2009,4,7.3,,484,786.7,117.6,58.9,,,81.8,105,263,103,57.2,0.2,
3702850115,W5,4063952,260218,120.3177972,36.67649444,2010,9,7.3,,548,1020,187.98,103.42,,,201.07,101,307,,288.74,0.26,
3702850115,W5,4063952,260218,120.3177972,36.67649444,2011,4,7.2,,518,948.74,95.3,34,,,137.62,108,256,222.2,95.7,0.15,
3702850115,W5,4063952,260218,120.3177972,36.67649444,2011,9,7.6,,548,1308.67,100.8,36,,,215,82,182,416.1,276.8,0.39,
3702850115,W5,4063952,260218,120.3177972,36.67649444,2012,4,7,,583,1385,107.3,38.3,,,230.6,116,167,438.8,287.4,0.12,
3702850115,W5,4063952,260218,120.3177972,36.67649444,2012,9,7.7,,522,1095,96,34.3,,,158,61.3,146,348.2,251.1,0.21,
3702850115,W5,4063952,260218,120.3177972,36.67649444,2013,7,8.1,161.95,633.67,1336.16,154.4,60.24,32.25,125,157.25,196.31,231.03,197.45,319,0.17,
3702850115,W5,4063952,260218,120.3177972,36.67649444,2013,10,7.18,206.41,632.3,1380.53,148.5,63.49,49.92,124.4,174.32,204.21,233,251.67,288.9,0.21,
3702850115,W5,4063952,260218,120.3177972,36.67649444,2014,8,7.09,166.43,600.79,1267.54,136.49,63.12,39.52,113.66,153.18,199.09,226.72,202.93,269.1,0.3,
3702850115,W5,4063952,260218,120.3177972,36.67649444,2014,12,7.43,189.98,773.35,1512.45,202.19,65.18,14.85,115.14,129.99,217.65,246.68,231.64,399.72,0.18,
3702850115,W5,4063952,260218,120.3177972,36.67649444,2015,4,7.84,162.97,772.23,1494.75,195.34,69.06,12.37,114.47,126.84,214.15,284.82,198.71,368.61,0.25,
3702850115,W5,4063952,260218,120.3177972,36.67649444,2015,9,8.28,323.47,496.16,1140.45,143.06,33.72,25.52,103.57,129.09,136.03,124.37,394.4,153.19,0.23,
3702850115,W5,4063952,260218,120.3177972,36.67649444,2016,6,8.35,229.91,391.17,965.73,104.36,31.72,27.31,100.87,128.18,134.39,123.08,267.9,163.18,0.03,
3702850115,W5,4063952,260218,120.3177972,36.67649444,2016,11,7.6,197.21,576.47,1425.66,165.43,39.69,0.43,91.51,91.94,251.18,242.1,240.49,394.42,,
3702850115,W5,4063952,260218,120.3177972,36.67649444,2017,7,8.07,,847.69,1424,226.32,68.64,4.95,83.9,88.85,197.86,295.14,113.64,467.44,0.1,
3702850115,W5,4063952,260218,120.3177972,36.67649444,2017,10,7.5,,675.1,1196,167.98,62.1,39.95,85.83,125.78,155.54,307.32,165.26,283.46,0.09,
