Sample,Label,Marker,Size,Color,Alpha,Ca,Mg,Na,K,HCO3,CO3,Cl,SO4
57,1,o,10,k,0.6,50,26,12,3,230,0,22,20
58,1,o,10,k,0.6,89,18,19,4,252,0,26,42
59,1,o,10,k,0.6,1,1,5,1,4,0,8,2
60,1,o,10,k,0.6,85,23,65,2,130,0,92,140
61,1,o,10,k,0.6,21,2,113,2,244,0,64,21
62,1,o,10,k,0.6,60,3,4,1,176,0,10,2
63,1,o,10,k,0.6,43,9,19,18,72,0,42,39
64,1,o,10,k,0.6,57,20,10,1,218,0,19,23
65,1,o,10,k,0.6,102,68,79,3,580,0,135,30
66,1,o,10,k,0.6,77,42,26,1,212,0,33,180
67,1,o,10,k,0.6,95,19,23,2,225,0,44,90
68,1,o,10,k,0.6,65,8,5,0,238,0,6,13
69,1,o,10,k,0.6,106,20,23,1,208,0,35,151
70,1,o,10,k,0.6,130,72,53,2,204,0,108,326
71,1,o,10,k,0.6,2,6,12,1,10,0,26,12
72,1,o,10,k,0.6,57,21,5,2,205,0,10,1
73,1,o,10,k,0.6,70,25,21,1,199,0,38,81
74,1,o,10,k,0.6,56,15,9,1,190,0,13,35
75,1,o,10,k,0.6,68,3,4,1,193,0,12,7
76,1,o,10,k,0.6,110,20,120,10,285,0,190,95
77,1,o,10,k,0.6,74,22,5,1,169,0,8,141
78,1,o,10,k,0.6,55,25,14,2,270,0,16,25
79,1,o,10,k,0.6,84,6,6,1,246,0,12,11
80,1,o,10,k,0.6,46,22,8,0,240,0,3,8
81,1,o,10,k,0.6,42,5,114,3,48,0,166,87
82,1,o,10,k,0.6,76,5,38,1,230,0,40,14
83,1,o,10,k,0.6,121,50,92,21,392,0,110,231
84,1,o,10,k,0.6,69,24,17,0,184,0,32,54
85,1,o,10,k,0.6,103,39,3,0,464,0,8,11
86,1,o,10,k,0.6,119,49,47,2,421,0,125,89
87,1,o,10,k,0.6,319,139,66,3,307,0,79,1006
88,1,o,10,k,0.6,138,70,116,40,459,0,144,296
89,1,o,10,k,0.6,112,94,105,5,524,0,268,103
90,1,o,10,k,0.6,83,20,9,1,278,0,9,27
91,1,o,10,k,0.6,67,4,7,0,196,0,14,5
92,1,o,10,k,0.6,94,15,24,1,223,0,29,49
93,1,o,10,k,0.6,87,37,11,0,295,0,16,140
94,1,o,10,k,0.6,186,73,50,3,237,0,80,512
95,1,o,10,k,0.6,108,33,34,1,331,0,79,116
96,1,o,10,k,0.6,47,47,14,14,163,0,13,52
97,1,o,10,k,0.6,72,55,3,1,374,0,9,110
98,1,o,10,k,0.6,230,30,380,5,325,0,730,120
99,1,o,10,k,0.6,15,3,80,1,150,0,49,34
100,1,o,10,k,0.6,41,32,9,1,225,0,11,45
101,1,o,10,k,0.6,72,12,40,2,238,0,49,48
102,1,o,10,k,0.6,80,10,20,0,230,0,20,25
103,1,o,10,k,0.6,1,3,13,3,21,0,17,2
104,1,o,10,k,0.6,42,3,5,1,128,0,11,4
105,1,o,10,k,0.6,131,54,20,4,281,0,29,259
106,1,o,10,k,0.6,65,9,11,0,202,0,15,22
107,1,o,10,k,0.6,101,53,2,1,413,0,7,135
108,1,o,10,k,0.6,75,14,3,0,266,0,6,10
109,1,o,10,k,0.6,208,79,38,4,245,0,72,565
110,1,o,10,k,0.6,63,29,12,0,250,0,19,32
111,1,o,10,k,0.6,92,27,15,1,214,0,25,119
112,1,o,10,k,0.6,87,59,141,8,268,0,259,175
113,1,o,10,k,0.6,76,16,2,0,296,0,7,17
114,1,o,10,k,0.6,79,23,30,2,191,0,47,93
115,1,o,10,k,0.6,58,16,35,0,140,0,66,35
116,1,o,10,k,0.6,69,61,253,8,243,0,440,79
117,1,o,10,k,0.6,37,25,10,0,177,0,27,18
118,1,o,10,k,0.6,73,28,146,4,290,0,234,53
119,1,o,10,k,0.6,71,73,114,3,310,0,252,92
120,1,o,10,k,0.6,73,17,8,3,265,0,16,26
121,1,o,10,k,0.6,56,26,46,2,267,0,86,4
122,1,o,10,k,0.6,124,39,140,5,154,0,180,299
123,1,o,10,k,0.6,43,11,57,17,228,0,59,27
124,1,o,10,k,0.6,162,78,13,3,340,0,20,398
125,1,o,10,k,0.6,125,48,166,13,382,0,349,84
126,1,o,10,k,0.6,103,9,15,0,274,0,43,13
127,1,o,10,k,0.6,83,36,42,0,352,0,60,45
128,1,o,10,k,0.6,63,20,25,1,234,0,39,0
129,1,o,10,k,0.6,56,20,3,1,228,0,7,6
130,1,o,10,k,0.6,35,11,50,3,91,0,97,16
131,1,o,10,k,0.6,121,38,64,3,204,0,101,240
132,1,o,10,k,0.6,56,4,5,0,130,0,8,22
133,1,o,10,k,0.6,75,12,15,2,242,0,32,8
134,1,o,10,k,0.6,112,47,79,1,376,0,94,162
135,1,o,10,k,0.6,70,8,3,1,210,0,10,20
136,1,o,10,k,0.6,94,6,21,3,280,0,26,17
137,1,o,10,k,0.6,111,4,18,1,197,0,50,17
138,1,o,10,k,0.6,46,11,5,1,168,0,13,9
139,1,o,10,k,0.6,42,23,55,3,112,0,97,88
140,1,o,10,k,0.6,75,6,6,0,223,0,13,10
141,1,o,10,k,0.6,126,31,31,2,415,0,42,52
142,1,o,10,k,0.6,47,5,5,0,148,0,7,7
143,1,o,10,k,0.6,45,12,3,1,165,0,5,7
144,1,o,10,k,0.6,255,91,194,7,421,0,343,528
145,1,o,10,k,0.6,84,20,5,0,350,0,4,21
146,1,o,10,k,0.6,85,44,108,6,344,0,190,21
147,1,o,10,k,0.6,81,23,24,1,317,0,31,37
148,1,o,10,k,0.6,114,12,50,4,281,0,234,53
149,1,o,10,k,0.6,240,52,52,5,165,0,112,656
150,1,o,10,k,0.6,122,13,31,1,170,0,116,50
151,1,o,10,k,0.6,60,21,7,0,238,0,11,20
152,1,o,10,k,0.6,130,24,129,2,230,0,240,92
153,1,o,10,k,0.6,100,30,7,1,232,0,11,164
154,1,o,10,k,0.6,70,7,9,1,225,0,15,6
155,1,o,10,k,0.6,82,71,66,2,377,0,101,206
156,1,o,10,k,0.6,213,49,144,6,429,0,228,263
157,1,o,10,k,0.6,106,23,14,8,294,0,23,90
158,1,o,10,k,0.6,61,22,82,3,270,0,66,60
159,1,o,10,k,0.6,55,3,7,1,165,0,11,12
160,1,o,10,k,0.6,38,12,3,2,141,0,9,11
161,1,o,10,k,0.6,106,16,91,1,271,0,160,62
162,1,o,10,k,0.6,87,25,53,3,351,0,81,35
163,1,o,10,k,0.6,229,138,194,7,283,0,250,833
164,1,o,10,k,0.6,39,11,4,0,136,0,7,14
165,1,o,10,k,0.6,74,36,48,7,171,0,110,125
166,1,o,10,k,0.6,85,6,4,1,259,0,7,10
167,1,o,10,k,0.6,50,10,1,0,188,0,3,7
168,1,o,10,k,0.6,125,34,41,4,206,0,161,91
169,1,o,10,k,0.6,75,32,25,3,196,0,83,54
170,1,o,10,k,0.6,62,11,3,1,206,0,6,8
171,1,o,10,k,0.6,104,7,12,4,256,0,20,15
172,1,o,10,k,0.6,60,18,72,1,315,0,55,20
173,1,o,10,k,0.6,105,51,130,3,247,0,304,60
174,1,o,10,k,0.6,60,28,17,2,237,0,39,33
175,1,o,10,k,0.6,100,39,44,0,482,0,61,6
176,1,o,10,k,0.6,103,36,68,1,212,0,143,113
177,1,o,10,k,0.6,13,5,56,3,62,0,91,1
178,1,o,10,k,0.6,61,45,3,0,347,0,5,52
179,1,o,10,k,0.6,85,46,47,2,455,0,77,17
180,1,o,10,k,0.6,46,41,3,1,330,0,5,7
181,1,o,10,k,0.6,51,27,92,6,162,0,118,96
182,1,o,10,k,0.6,96,60,12,2,320,0,16,169
183,1,o,10,k,0.6,60,23,5,0,268,0,10,3
184,1,o,10,k,0.6,443,99,9,1,338,0,13,1270
185,1,o,10,k,0.6,46,5,5,0,147,0,7,6
186,1,o,10,k,0.6,52,38,2,1,323,0,6,16
187,1,o,10,k,0.6,210,40,67,4,250,0,104,362
188,1,o,10,k,0.6,249,103,125,5,277,0,135,830
189,1,o,10,k,0.6,102,43,138,1,440,0,145,136
190,1,o,10,k,0.6,120,35,15,1,266,0,47,132
191,1,o,10,k,0.6,65,6,10,3,171,0,18,38
192,1,o,10,k,0.6,64,9,10,0,186,0,18,19
193,1,o,10,k,0.6,54,24,3,0,255,0,3,10
194,1,o,10,k,0.6,110,53,21,1,232,0,44,302
195,1,o,10,k,0.6,129,30,100,7,298,0,151,140
196,1,o,10,k,0.6,107,10,17,21,218,0,29,78
197,1,o,10,k,0.6,70,9,3,0,262,0,5,7
198,1,o,10,k,0.6,202,45,38,3,200,0,62,453
199,1,o,10,k,0.6,150,22,15,6,282,0,18,157
200,1,o,10,k,0.6,72,61,136,4,256,0,254,120
201,1,o,10,k,0.6,66,40,63,6,205,0,158,54
202,1,o,10,k,0.6,56,17,90,1,250,0,111,62
203,1,o,10,k,0.6,19,100,11,1,458,0,19,30
204,1,o,10,k,0.6,49,18,3,1,230,0,3,8
205,1,o,10,k,0.6,41,16,1,1,183,0,2,5
206,1,o,10,k,0.6,140,25,26,7,273,0,60,148
207,1,o,10,k,0.6,76,52,2,0,439,0,9,5
208,1,o,10,k,0.6,66,32,10,1,260,0,14,67
209,1,o,10,k,0.6,119,84,81,8,260,0,374,78
210,1,o,10,k,0.6,41,22,2,1,214,0,4,5
211,1,o,10,k,0.6,160,35,21,3,239,0,30,302
212,1,o,10,k,0.6,90,19,3,4,310,0,14,18
213,1,o,10,k,0.6,55,36,7,1,227,0,23,47
214,1,o,10,k,0.6,50,21,1,0,233,0,2,24
215,1,o,10,k,0.6,50,24,9,1,198,0,17,27
216,1,o,10,k,0.6,48,3,2,0,134,0,5,13
217,1,o,10,k,0.6,73,23,79,18,268,0,10,250
218,1,o,10,k,0.6,85,6,10,2,245,0,21,8
219,1,o,10,k,0.6,67,37,39,5,227,0,80,75
220,1,o,10,k,0.6,52,24,2,0,201,0,3,64
221,1,o,10,k,0.6,82,10,9,0,301,0,12,6
222,1,o,10,k,0.6,35,10,13,1,134,0,15,27
223,1,o,10,k,0.6,80,22,52,1,223,0,94,57
224,1,o,10,k,0.6,20,24,2,0,153,0,4,12
225,1,o,10,k,0.6,110,23,2,1,384,0,4,36
226,1,o,10,k,0.6,73,26,118,1,199,0,148,80
227,1,o,10,k,0.6,158,86,136,16,271,0,254,404
228,1,o,10,k,0.6,89,66,55,2,523,0,112,6
229,1,o,10,k,0.6,66,8,76,2,189,0,92,60
230,1,o,10,k,0.6,270,58,52,3,168,0,112,504
231,1,o,10,k,0.6,84,21,29,7,241,0,35,88
232,1,o,10,k,0.6,69,30,34,0,269,0,30,118
233,1,o,10,k,0.6,41,16,6,1,169,0,11,22
234,1,o,10,k,0.6,38,25,19,1,155,0,47,28
235,1,o,10,k,0.6,11,2,113,1,176,0,28,79
236,1,o,10,k,0.6,42,18,12,0,151,0,27,11
237,1,o,10,k,0.6,92,47,240,3,219,0,460,28
238,1,o,10,k,0.6,191,28,63,38,331,0,135,113
239,1,o,10,k,0.6,117,10,13,6,246,0,22,78
240,1,o,10,k,0.6,206,60,65,3,208,0,80,574
241,1,o,10,k,0.6,91,6,3,0,118,0,6,7
242,1,o,10,k,0.6,120,23,16,29,447,0,18,55
243,1,o,10,k,0.6,64,8,1,1,206,0,2,21
244,1,o,10,k,0.6,82,33,13,1,217,0,30,107
245,1,o,10,k,0.6,75,54,16,2,322,0,30,90
246,1,o,10,k,0.6,37,15,29,2,215,0,30,3
247,1,o,10,k,0.6,76,56,100,4,442,0,154,25
248,1,o,10,k,0.6,184,52,48,2,251,0,88,468
249,1,o,10,k,0.6,57,15,4,1,227,0,3,21
250,1,o,10,k,0.6,134,50,127,3,434,0,164,149
251,1,o,10,k,0.6,81,55,22,1,366,0,61,62
252,1,o,10,k,0.6,45,5,11,1,128,0,22,10
253,1,o,10,k,0.6,86,10,11,1,310,0,10,8
254,1,o,10,k,0.6,58,11,32,6,247,0,12,5
255,1,o,10,k,0.6,143,89,74,3,275,0,150,443
256,1,o,10,k,0.6,174,61,242,6,254,0,660,99
257,1,o,10,k,0.6,86,12,2,1,235,0,4,30
258,1,o,10,k,0.6,150,15,40,1,275,0,65,80
259,1,o,10,k,0.6,43,30,301,5,513,0,235,85
260,1,o,10,k,0.6,72,25,5,0,274,0,11,34
261,1,o,10,k,0.6,20,8,270,2,233,0,170,236
262,1,o,10,k,0.6,140,21,50,3,203,0,52,237
263,1,o,10,k,0.6,183,27,42,1,184,0,42,341
264,1,o,10,k,0.6,5,10,8,4,52,0,12,8
265,1,o,10,k,0.6,133,36,29,6,285,0,43,141
266,1,o,10,k,0.6,43,35,10,1,177,0,20,46
267,1,o,10,k,0.6,143,27,77,27,366,0,67,154
268,1,o,10,k,0.6,84,4,8,2,254,0,21,12
269,1,o,10,k,0.6,75,56,73,5,307,0,73,206
270,1,o,10,k,0.6,116,85,101,2,320,0,196,260
271,1,o,10,k,0.6,8,24,18,0,44,0,48,20
272,1,o,10,k,0.6,2,2,145,0,160,0,103,23
273,1,o,10,k,0.6,51,39,6,1,281,0,13,62
274,1,o,10,k,0.6,74,18,5,1,209,0,9,50
275,1,o,10,k,0.6,234,55,59,2,201,0,118,505
276,1,o,10,k,0.6,3,2,14,0,6,0,26,4
277,1,o,10,k,0.6,147,24,37,3,317,0,67,154
278,1,o,10,k,0.6,117,81,97,3,586,0,163,86
279,1,o,10,k,0.6,50,38,14,1,222,0,35,102
280,1,o,10,k,0.6,75,24,2,1,356,0,5,14
281,1,o,10,k,0.6,32,10,36,2,79,0,34,65
282,1,o,10,k,0.6,43,14,68,1,243,0,35,41
283,1,o,10,k,0.6,32,58,47,1,284,0,70,70
284,1,o,10,k,0.6,56,3,3,0,165,0,7,5
285,1,o,10,k,0.6,60,40,4,3,260,0,15,87
286,1,o,10,k,0.6,126,22,44,2,222,0,50,125
287,1,o,10,k,0.6,91,7,6,1,291,0,6,10
288,1,o,10,k,0.6,49,22,54,3,203,0,70,54
289,1,o,10,k,0.6,52,49,9,3,350,0,12,37
290,1,o,10,k,0.6,58,19,8,1,264,0,11,17
291,1,o,10,k,0.6,88,5,12,2,251,0,22,17
292,1,o,10,k,0.6,79,16,32,11,12,0,63,50
293,1,o,10,k,0.6,13,3,118,2,248,0,60,17
294,1,o,10,k,0.6,159,46,50,2,167,0,78,424
295,1,o,10,k,0.6,61,19,14,0,179,0,20,45
296,1,o,10,k,0.6,180,12,49,49,258,0,229,22
297,1,o,10,k,0.6,89,60,8,0,437,0,16,97
298,1,o,10,k,0.6,82,31,93,7,311,0,140,23
299,1,o,10,k,0.6,138,79,95,1,244,0,165,300
300,1,o,10,k,0.6,71,41,167,19,277,0,279,144
301,1,o,10,k,0.6,31,24,3,0,162,0,5,30
302,1,o,10,k,0.6,88,2,13,0,239,0,23,6
303,1,o,10,k,0.6,86,59,6,1,292,0,11,152
304,1,o,10,k,0.6,57,6,2,0,196,0,3,9
305,1,o,10,k,0.6,53,53,83,4,277,0,84,136
306,1,o,10,k,0.6,135,13,20,1,275,0,45,70
307,1,o,10,k,0.6,1,3,11,0,8,0,19,3
308,1,o,10,k,0.6,58,19,5,2,212,0,10,50
309,1,o,10,k,0.6,170,44,100,3,306,0,160,230
310,1,o,10,k,0.6,10,13,18,0,58,0,36,11
311,1,o,10,k,0.6,56,9,10,0,170,0,15,24
312,1,o,10,k,0.6,78,29,7,2,281,0,11,41
313,1,o,10,k,0.6,74,11,7,1,190,0,11,50
314,1,o,10,k,0.6,64,58,45,2,238,0,67,162
315,1,o,10,k,0.6,43,21,3,1,218,0,4,20
316,1,o,10,k,0.6,66,27,29,1,207,0,39,123
317,1,o,10,k,0.6,180,33,86,1,296,0,290,82
318,1,o,10,k,0.6,84,13,8,0,260,0,12,33
319,1,o,10,k,0.6,45,30,19,1,223,0,36,15
320,1,o,10,k,0.6,114,27,57,4,298,0,83,123
321,1,o,10,k,0.6,56,27,2,1,205,0,6,59
322,1,o,10,k,0.6,42,9,7,1,156,0,15,5
323,1,o,10,k,0.6,56,19,2,1,236,0,3,14
324,1,o,10,k,0.6,57,5,6,0,173,0,14,2
325,1,o,10,k,0.6,44,61,13,1,318,0,14,88
326,1,o,10,k,0.6,42,8,18,1,180,0,18,14
327,1,o,10,k,0.6,79,39,46,20,81,0,99,237
328,1,o,10,k,0.6,109,8,11,4,225,0,25,76
329,1,o,10,k,0.6,73,41,6,0,332,0,12,38
330,1,o,10,k,0.6,157,50,7,2,291,0,16,312
331,1,o,10,k,0.6,26,11,48,1,148,0,31,12
332,1,o,10,k,0.6,132,52,99,3,186,0,148,280
333,1,o,10,k,0.6,61,47,126,4,237,0,235,47
334,1,o,10,k,0.6,41,12,39,2,117,0,40,86
335,1,o,10,k,0.6,183,43,37,2,195,0,81,338
336,1,o,10,k,0.6,42,9,2,0,121,0,1,20
337,1,o,10,k,0.6,22,22,55,6,214,0,29,49
338,1,o,10,k,0.6,59,28,9,1,260,0,17,31
339,1,o,10,k,0.6,148,13,35,3,177,0,63,40
340,1,o,10,k,0.6,64,11,49,3,125,0,87,34
341,1,o,10,k,0.6,73,34,4,1,280,0,6,54
342,1,o,10,k,0.6,240,63,108,4,190,0,129,568
343,1,o,10,k,0.6,102,24,8,1,275,0,20,99
344,1,o,10,k,0.6,13,13,6,0,85,0,12,5
345,1,o,10,k,0.6,53,26,5,0,254,0,9,18
346,1,o,10,k,0.6,90,1,6,1,255,0,10,4
347,1,o,10,k,0.6,206,63,55,3,276,0,88,518
348,1,o,10,k,0.6,108,68,72,5,270,0,131,212
349,1,o,10,k,0.6,74,45,2,0,410,0,7,17
350,1,o,10,k,0.6,128,42,35,0,212,0,77,227
351,1,o,10,k,0.6,84,24,6,0,340,0,10,10
352,1,o,10,k,0.6,186,108,130,6,330,0,451,191
353,1,o,10,k,0.6,53,36,6,0,283,0,13,25
354,1,o,10,k,0.6,68,33,6,0,320,0,11,23
355,1,o,10,k,0.6,64,27,4,0,304,0,7,3
356,1,o,10,k,0.6,112,50,62,2,288,0,96,236
357,1,o,10,k,0.6,56,30,4,2,301,0,7,13
358,1,o,10,k,0.6,33,24,11,1,90,0,22,75
359,1,o,10,k,0.6,295,65,50,3,200,0,65,770
360,1,o,10,k,0.6,101,23,38,12,247,0,77,125
361,1,o,10,k,0.6,100,32,63,5,204,0,104,129
362,1,o,10,k,0.6,94,21,57,2,185,0,154,32
363,1,o,10,k,0.6,18,20,9,0,126,0,20,9
364,1,o,10,k,0.6,80,35,15,3,302,0,42,23
365,1,o,10,k,0.6,73,26,19,0,256,0,39,19
366,1,o,10,k,0.6,42,32,10,1,223,0,28,19
367,1,o,10,k,0.6,31,18,3,0,183,0,6,5
368,1,o,10,k,0.6,84,22,10,1,283,0,8,56
369,1,o,10,k,0.6,163,31,34,4,235,0,17,347
370,1,o,10,k,0.6,62,13,4,1,222,0,5,1
371,1,o,10,k,0.6,54,17,18,2,179,0,41,7
372,1,o,10,k,0.6,61,4,2,2,143,0,7,43
373,1,o,10,k,0.6,3,1,29,0,32,0,8,19
374,1,o,10,k,0.6,45,10,3,1,173,0,3,8
375,1,o,10,k,0.6,68,21,66,2,187,0,94,78
376,1,o,10,k,0.6,29,10,71,4,104,0,101,30
377,1,o,10,k,0.6,61,26,5,1,278,0,9,11
378,1,o,10,k,0.6,41,32,57,2,201,0,90,67
379,1,o,10,k,0.6,82,27,17,2,314,0,35,25
380,1,o,10,k,0.6,148,26,10,1,259,0,14,245
381,1,o,10,k,0.6,86,31,119,9,268,0,32,305
382,1,o,10,k,0.6,82,7,10,0,265,0,14,11
383,1,o,10,k,0.6,231,27,30,1,254,0,101,300
384,1,o,10,k,0.6,63,18,9,0,183,0,12,60
385,1,o,10,k,0.6,68,10,13,0,215,0,17,23
386,1,o,10,k,0.6,45,36,1,1,300,0,4,6
387,1,o,10,k,0.6,79,60,113,5,263,0,165,185
388,1,o,10,k,0.6,96,53,23,2,256,0,80,128
389,1,o,10,k,0.6,130,39,13,2,130,0,21,336
390,1,o,10,k,0.6,159,8,19,0,163,0,55,24
391,1,o,10,k,0.6,90,32,16,1,217,0,24,133
392,1,o,10,k,0.6,70,50,61,11,241,0,79,103
393,1,o,10,k,0.6,84,11,16,2,90,0,26,63
394,1,o,10,k,0.6,1,1,8,0,19,0,2,5
395,1,o,10,k,0.6,83,12,14,2,214,0,39,26
396,1,o,10,k,0.6,73,6,19,1,201,0,20,41
397,1,o,10,k,0.6,55,24,9,1,248,0,12,14
398,1,o,10,k,0.6,4,2,4,0,5,0,9,7
399,1,o,10,k,0.6,174,39,86,4,195,0,136,344
400,1,o,10,k,0.6,79,29,9,1,328,0,13,26
401,1,o,10,k,0.6,77,50,42,7,230,0,99,135
402,1,o,10,k,0.6,240,77,9,0,167,0,12,644
403,1,o,10,k,0.6,34,5,4,1,109,0,10,4
404,1,o,10,k,0.6,226,7,35,1,162,0,130,12
405,1,o,10,k,0.6,115,50,120,5,193,0,184,271
406,1,o,10,k,0.6,95,32,33,2,284,0,39,126
407,1,o,10,k,0.6,67,14,16,9,222,0,19,31
408,1,o,10,k,0.6,204,68,52,3,262,0,168,402
409,1,o,10,k,0.6,61,38,10,1,274,0,20,58
410,1,o,10,k,0.6,165,72,4,1,223,0,4,472
411,1,o,10,k,0.6,33,36,5,0,263,0,7,4
412,1,o,10,k,0.6,64,45,3,0,336,0,7,15
413,1,o,10,k,0.6,90,25,19,1,252,0,48,48
414,1,o,10,k,0.6,119,26,58,3,408,0,103,29
415,1,o,10,k,0.6,88,25,13,2,290,0,27,40
416,1,o,10,k,0.6,128,42,13,1,262,0,37,207
417,1,o,10,k,0.6,64,4,2,1,172,0,4,24
418,1,o,10,k,0.6,96,43,15,1,333,0,29,116
419,1,o,10,k,0.6,39,27,15,1,161,0,42,38
420,1,o,10,k,0.6,2,2,307,1,288,0,171,134
421,1,o,10,k,0.6,79,56,33,3,250,0,67,186
422,1,o,10,k,0.6,77,40,98,4,348,0,144,28
423,1,o,10,k,0.6,80,50,18,3,330,0,39,75
424,1,o,10,k,0.6,112,3,12,0,295,0,19,8
425,1,o,10,k,0.6,22,26,23,2,183,0,32,9
426,1,o,10,k,0.6,158,61,101,4,320,0,156,300
427,1,o,10,k,0.6,108,39,182,8,372,0,286,38
428,1,o,10,k,0.6,44,24,40,2,128,0,97,47
429,1,o,10,k,0.6,61,18,20,1,134,0,26,110
430,1,o,10,k,0.6,118,7,4,4,286,0,10,45
431,1,o,10,k,0.6,29,12,3,0,135,0,2,6
432,1,o,10,k,0.6,31,24,6,1,195,0,10,4
433,1,o,10,k,0.6,95,14,4,1,318,0,8,15
434,1,o,10,k,0.6,63,28,13,1,267,0,33,27
435,1,o,10,k,0.6,133,43,151,2,260,0,230,246
436,1,o,10,k,0.6,121,62,16,2,176,0,32,359
437,1,o,10,k,0.6,167,42,75,4,276,0,122,308
438,1,o,10,k,0.6,183,12,13,0,255,0,44,130
439,1,o,10,k,0.6,110,46,13,3,302,0,26,191
440,1,o,10,k,0.6,171,34,45,2,388,0,81,252
441,1,o,10,k,0.6,115,51,24,5,354,0,37,163
442,1,o,10,k,0.6,154,50,101,62,225,0,130,392
443,1,o,10,k,0.6,4,3,3,0,25,0,1,8
444,1,o,10,k,0.6,45,17,3,0,177,0,5,26
445,1,o,10,k,0.6,72,20,7,0,251,0,11,38
446,1,o,10,k,0.6,114,66,134,17,543,0,182,121
447,1,o,10,k,0.6,21,4,29,1,124,0,11,8
448,1,o,10,k,0.6,74,77,230,7,282,0,320,256
449,1,o,10,k,0.6,111,36,42,3,308,0,51,129
450,1,o,10,k,0.6,53,39,80,4,221,0,105,113
451,1,o,10,k,0.6,55,22,2,0,259,0,6,11
452,1,o,10,k,0.6,61,21,6,1,262,0,8,19
453,1,o,10,k,0.6,90,31,21,1,260,0,26,122
454,1,o,10,k,0.6,111,32,34,1,174,0,59,216
455,1,o,10,k,0.6,87,10,18,10,245,0,19,35
456,1,o,10,k,0.6,98,78,240,4,245,0,317,371
457,1,o,10,k,0.6,98,29,13,1,340,0,24,49
458,1,o,10,k,0.6,120,24,323,4,1180,0,68,13
459,1,o,10,k,0.6,66,30,3,0,291,0,8,13
460,1,o,10,k,0.6,64,15,14,0,211,0,27,9
461,1,o,10,k,0.6,30,15,2,0,145,0,4,17
462,1,o,10,k,0.6,72,12,15,0,232,0,24,22
463,1,o,10,k,0.6,5,2,10,0,17,0,15,4
464,1,o,10,k,0.6,61,44,116,4,217,0,139,168
465,1,o,10,k,0.6,155,30,98,47,428,0,130,194
466,1,o,10,k,0.6,108,37,44,3,188,0,66,234
467,1,o,10,k,0.6,185,30,4,2,236,0,6,350
468,1,o,10,k,0.6,4,3,17,3,31,0,25,1
469,1,o,10,k,0.6,87,28,7,1,228,0,10,120
470,1,o,10,k,0.6,174,16,13,0,274,0,13,247
471,1,o,10,k,0.6,111,27,33,4,172,0,50,158
472,1,o,10,k,0.6,129,39,6,1,277,0,26,185
473,1,o,10,k,0.6,136,73,120,3,231,0,136,422
474,1,o,10,k,0.6,162,71,256,6,288,0,500,288
475,1,o,10,k,0.6,41,46,4,1,294,0,9,27
476,1,o,10,k,0.6,112,49,79,3,250,0,121,200
477,1,o,10,k,0.6,47,14,89,1,180,0,81,70
478,1,o,10,k,0.6,112,18,28,5,249,0,51,80
479,1,o,10,k,0.6,65,26,7,0,286,0,9,21
480,1,o,10,k,0.6,60,13,76,3,176,0,104,77
481,1,o,10,k,0.6,30,6,3,0,103,0,6,8
482,1,o,10,k,0.6,93,53,243,8,390,0,388,47
483,1,o,10,k,0.6,197,61,84,3,78,0,140,463
484,1,o,10,k,0.6,87,25,194,4,128,0,302,164
485,1,o,10,k,0.6,40,29,17,1,218,0,18,16
486,1,o,10,k,0.6,134,28,79,2,356,0,166,66
487,1,o,10,k,0.6,84,22,43,2,287,0,66,25
488,1,o,10,k,0.6,38,29,32,1,167,0,55,69
489,1,o,10,k,0.6,4,3,17,1,16,0,30,2
490,1,o,10,k,0.6,136,24,12,3,390,0,28,95
491,1,o,10,k,0.6,220,36,58,1,205,0,157,270
492,1,o,10,k,0.6,78,11,15,1,142,0,31,79
493,1,o,10,k,0.6,75,12,12,3,266,0,9,26
494,1,o,10,k,0.6,145,90,87,3,246,0,142,436
495,1,o,10,k,0.6,41,5,3,0,131,0,2,15
496,1,o,10,k,0.6,47,21,1,0,247,0,1,8
497,1,o,10,k,0.6,136,58,260,4,408,0,240,452
498,1,o,10,k,0.6,188,33,201,5,239,0,311,316
499,1,o,10,k,0.6,85,15,15,0,240,0,17,35
500,1,o,10,k,0.6,115,81,216,8,151,0,660,58
501,1,o,10,k,0.6,108,57,52,7,243,0,67,127
502,1,o,10,k,0.6,122,45,10,2,204,0,28,312
503,1,o,10,k,0.6,134,54,72,3,265,0,118,222
504,1,o,10,k,0.6,145,46,22,10,311,0,49,256
505,1,o,10,k,0.6,132,128,42,0,310,0,77,480
506,1,o,10,k,0.6,74,15,16,0,258,0,33,5
507,1,o,10,k,0.6,111,69,271,7,205,0,424,304
508,1,o,10,k,0.6,74,43,45,1,364,0,56,39
509,1,o,10,k,0.6,48,54,25,3,248,0,38,151
510,1,o,10,k,0.6,51,16,12,3,240,0,7,13
511,1,o,10,k,0.6,96,8,1,1,274,0,5,27
512,1,o,10,k,0.6,74,18,67,4,250,0,123,15
513,1,o,10,k,0.6,56,26,2,0,282,0,3,4
514,1,o,10,k,0.6,52,18,55,5,260,0,50,27
515,1,o,10,k,0.6,220,37,12,1,218,0,17,486
516,1,o,10,k,0.6,85,18,25,0,270,0,25,40
517,1,o,10,k,0.6,77,14,3,0,212,0,11,43
518,1,o,10,k,0.6,50,10,33,64,215,0,29,55
519,1,o,10,k,0.6,69,28,30,2,250,0,57,45
520,1,o,10,k,0.6,68,65,6,1,306,0,11,127
521,1,o,10,k,0.6,70,34,8,1,330,0,13,22
522,1,o,10,k,0.6,128,39,106,6,310,0,135,246
523,1,o,10,k,0.6,400,1045,335,47,421,0,568,4800
524,1,o,10,k,0.6,120,31,27,4,247,0,35,147
525,1,o,10,k,0.6,160,14,25,1,300,0,60,95
526,1,o,10,k,0.6,92,34,2,0,244,0,8,134
527,1,o,10,k,0.6,88,39,2,0,335,0,9,73
528,1,o,10,k,0.6,75,29,12,1,267,0,20,35
529,1,o,10,k,0.6,54,17,93,7,209,0,102,54
530,1,o,10,k,0.6,140,56,37,1,435,0,61,204
531,1,o,10,k,0.6,100,1,2,1,234,0,1,19
532,1,o,10,k,0.6,57,34,10,1,242,0,35,57
533,1,o,10,k,0.6,47,10,30,47,120,0,47,29
534,1,o,10,k,0.6,137,89,148,5,15,0,655,23
535,1,o,10,k,0.6,183,31,67,1,212,0,121,315
536,1,o,10,k,0.6,94,8,6,0,281,0,9,19
537,1,o,10,k,0.6,41,11,24,1,191,0,5,21
538,1,o,10,k,0.6,116,32,109,5,331,0,158,142
539,1,o,10,k,0.6,140,30,72,8,136,0,84,181
540,1,o,10,k,0.6,101,13,9,1,162,0,16,143
541,1,o,10,k,0.6,107,11,16,0,249,0,36,40
542,1,o,10,k,0.6,112,93,108,5,364,0,198,259
543,1,o,10,k,0.6,180,54,260,11,352,0,436,244
544,1,o,10,k,0.6,212,58,9,1,244,0,23,554
545,1,o,10,k,0.6,112,59,70,5,360,0,128,184
546,1,o,10,k,0.6,55,25,38,1,231,0,22,44
547,1,o,10,k,0.6,11,9,96,1,165,0,39,29
548,1,o,10,k,0.6,96,17,5,1,360,0,7,28
549,1,o,10,k,0.6,102,34,10,1,414,0,13,30
550,1,o,10,k,0.6,116,23,14,3,239,0,37,100
551,1,o,10,k,0.6,113,46,73,3,211,0,93,280
552,1,o,10,k,0.6,164,40,53,3,368,0,73,190
553,1,o,10,k,0.6,116,33,53,5,233,0,111,73
554,1,o,10,k,0.6,56,37,33,1,178,0,32,127
555,1,o,10,k,0.6,73,43,3,0,392,0,6,5
556,1,o,10,k,0.6,62,2,5,1,204,0,5,9
557,1,o,10,k,0.6,68,31,14,1,285,0,30,32
558,1,o,10,k,0.6,77,19,26,1,269,0,44,35
559,1,o,10,k,0.6,78,20,3,1,247,0,7,59
560,1,o,10,k,0.6,90,18,6,1,215,0,11,126
561,1,o,10,k,0.6,446,58,63,4,316,0,111,940
562,1,o,10,k,0.6,75,44,109,7,354,0,170,21
563,1,o,10,k,0.6,29,46,7,0,267,0,7,8
564,1,o,10,k,0.6,66,10,16,12,193,0,18,30
565,1,o,10,k,0.6,10,5,10,0,54,0,15,8
566,1,o,10,k,0.6,25,6,15,0,32,0,17,41
567,1,o,10,k,0.6,91,33,56,16,281,0,113,25
568,1,o,10,k,0.6,183,68,144,5,358,0,163,412
569,1,o,10,k,0.6,81,5,5,0,244,0,6,9
570,1,o,10,k,0.6,77,50,44,2,229,0,72,231
571,1,o,10,k,0.6,86,44,211,10,285,0,320,86
572,1,o,10,k,0.6,154,57,45,7,484,0,61,162
573,1,o,10,k,0.6,53,49,190,14,278,0,224,177
574,1,o,10,k,0.6,90,63,20,2,384,0,99,41
575,1,o,10,k,0.6,71,24,14,1,204,0,30,33
576,1,o,10,k,0.6,8,5,10,2,50,0,9,7
577,1,o,10,k,0.6,60,17,2,1,223,0,5,19
578,1,o,10,k,0.6,3,1,3,2,9,0,8,3
579,1,o,10,k,0.6,62,30,71,5,264,0,101,12
580,1,o,10,k,0.6,50,19,3,1,220,0,7,11
581,1,o,10,k,0.6,62,9,3,2,202,0,7,9
582,1,o,10,k,0.6,52,17,4,0,219,0,11,2
583,1,o,10,k,0.6,38,24,30,8,220,0,46,11
584,1,o,10,k,0.6,97,29,163,12,300,0,154,201
585,1,o,10,k,0.6,119,32,18,3,194,0,54,182
586,1,o,10,k,0.6,111,10,18,9,260,0,29,21
587,1,o,10,k,0.6,105,12,12,2,271,0,24,64
588,1,o,10,k,0.6,178,21,51,4,326,0,103,138
589,1,o,10,k,0.6,93,36,59,3,330,0,117,63
590,1,o,10,k,0.6,198,57,83,3,332,0,133,378
591,1,o,10,k,0.6,75,50,20,1,318,0,52,55
592,1,o,10,k,0.6,124,31,43,5,329,0,39,145
593,1,o,10,k,0.6,150,66,109,4,199,0,141,440
594,1,o,10,k,0.6,15,164,33,0,244,0,93,109
595,1,o,10,k,0.6,110,59,44,4,454,0,39,140
596,1,o,10,k,0.6,180,92,292,4,330,0,558,468
597,1,o,10,k,0.6,45,35,57,4,214,0,66,114
598,1,o,10,k,0.6,68,20,3,0,284,0,6,12
599,1,o,10,k,0.6,42,26,6,1,209,0,15,19
600,1,o,10,k,0.6,50,10,34,0,140,0,56,2
601,1,o,10,k,0.6,219,70,89,4,315,0,153,411
602,1,o,10,k,0.6,80,5,33,0,169,0,83,16
603,1,o,10,k,0.6,76,16,13,0,281,0,16,6
604,1,o,10,k,0.6,217,91,140,5,188,0,233,647
605,1,o,10,k,0.6,168,83,242,18,252,0,275,470
606,1,o,10,k,0.6,143,57,3,1,287,0,8,316
607,1,o,10,k,0.6,86,29,6,1,311,0,15,62
608,1,o,10,k,0.6,74,52,114,1,329,0,186,110
609,1,o,10,k,0.6,160,31,133,23,282,0,201,260
610,1,o,10,k,0.6,109,38,16,4,376,0,20,88
611,1,o,10,k,0.6,144,19,9,2,350,0,30,104
612,1,o,10,k,0.6,139,62,140,4,405,0,149,339
613,1,o,10,k,0.6,85,27,49,2,266,0,58,112
614,1,o,10,k,0.6,74,17,12,0,236,0,19,42
615,1,o,10,k,0.6,72,2,4,1,143,0,10,36
616,1,o,10,k,0.6,120,43,12,2,290,0,19,222
617,1,o,10,k,0.6,49,60,33,1,216,0,78,129
618,1,o,10,k,0.6,117,73,101,4,226,0,184,303
619,1,o,10,k,0.6,4,3,19,2,18,0,31,1
620,1,o,10,k,0.6,87,25,4,1,340,0,9,26
621,1,o,10,k,0.6,75,7,9,1,215,0,14,27
622,1,o,10,k,0.6,8,1,6,0,7,0,11,6
623,1,o,10,k,0.6,13,11,1,0,81,0,2,13
624,1,o,10,k,0.6,15,6,12,1,53,0,22,15
625,1,o,10,k,0.6,88,43,109,7,362,0,177,33
626,1,o,10,k,0.6,82,21,8,0,278,0,28,10
627,1,o,10,k,0.6,81,5,9,1,201,0,27,8
628,1,o,10,k,0.6,100,29,63,2,299,0,107,85
629,1,o,10,k,0.6,86,31,2,0,312,0,11,26
630,1,o,10,k,0.6,99,22,40,2,242,0,78,73
631,1,o,10,k,0.6,92,53,26,9,303,0,55,105
632,1,o,10,k,0.6,126,48,32,2,237,0,119,164
633,1,o,10,k,0.6,202,45,3,1,161,0,8,495
634,1,o,10,k,0.6,114,51,212,7,464,0,370,93
635,1,o,10,k,0.6,51,24,18,2,209,0,24,19
636,1,o,10,k,0.6,43,35,11,1,225,0,26,25
637,1,o,10,k,0.6,121,34,14,1,238,0,18,228
638,1,o,10,k,0.6,36,77,65,1,338,0,96,140
639,1,o,10,k,0.6,89,12,18,3,252,0,30,48
640,1,o,10,k,0.6,41,21,16,1,147,0,27,54
641,1,o,10,k,0.6,53,30,6,1,276,0,8,26
642,1,o,10,k,0.6,84,1,10,0,216,0,18,10
643,1,o,10,k,0.6,221,18,24,3,416,0,66,90
644,1,o,10,k,0.6,60,31,14,1,305,0,28,15
645,1,o,10,k,0.6,53,40,97,3,268,0,127,74
646,1,o,10,k,0.6,119,69,34,7,415,0,100,144
647,1,o,10,k,0.6,134,26,2,0,299,0,75,138
648,1,o,10,k,0.6,384,116,84,8,259,0,191,1005
649,1,o,10,k,0.6,60,43,1,1,360,0,6,31
650,1,o,10,k,0.6,170,51,15,1,297,0,39,308
651,1,o,10,k,0.6,93,18,3,1,298,0,4,25
652,1,o,10,k,0.6,69,19,2,2,220,0,6,50
653,1,o,10,k,0.6,64,19,3,0,244,0,10,13
654,1,o,10,k,0.6,57,14,6,0,231,0,8,7
655,1,o,10,k,0.6,127,77,157,4,222,0,255,383
656,1,o,10,k,0.6,47,21,96,5,245,0,108,25
657,1,o,10,k,0.6,130,17,278,3,309,0,400,70
658,1,o,10,k,0.6,360,56,11,1,235,0,10,950
659,1,o,10,k,0.6,74,45,11,1,212,0,14,167
660,1,o,10,k,0.6,55,35,18,3,190,0,29,113
661,1,o,10,k,0.6,61,22,8,2,253,0,15,3
662,1,o,10,k,0.6,71,16,12,1,265,0,17,12
663,1,o,10,k,0.6,96,4,4,1,270,0,5,4
664,1,o,10,k,0.6,49,17,34,2,223,0,33,18
665,1,o,10,k,0.6,2,2,5,1,5,0,7,6
666,1,o,10,k,0.6,69,26,3,0,280,0,9,27
667,1,o,10,k,0.6,295,108,75,1,364,0,198,656
668,1,o,10,k,0.6,61,28,39,2,75,0,91,130
669,1,o,10,k,0.6,69,15,4,4,250,0,7,8
670,1,o,10,k,0.6,128,62,242,4,356,0,202,360
671,1,o,10,k,0.6,244,50,73,2,292,0,126,370
672,1,o,10,k,0.6,90,27,62,15,175,0,92,112
673,1,o,10,k,0.6,94,28,134,2,252,0,200,149
674,1,o,10,k,0.6,40,17,5,2,160,0,11,23
675,1,o,10,k,0.6,4,2,17,2,7,0,31,8
676,1,o,10,k,0.6,156,36,6,0,140,0,15,356
677,1,o,10,k,0.6,84,22,12,1,246,0,24,76
678,1,o,10,k,0.6,68,33,6,4,296,0,16,16
679,1,o,10,k,0.6,89,31,31,4,223,0,55,135
680,1,o,10,k,0.6,57,25,52,3,187,0,91,61
681,1,o,10,k,0.6,76,46,19,5,296,0,61,61
682,1,o,10,k,0.6,23,33,6,1,217,0,11,7
683,1,o,10,k,0.6,114,34,19,0,127,0,41,125
684,1,o,10,k,0.6,66,11,8,0,198,0,15,28
685,1,o,10,k,0.6,116,11,13,1,258,0,24,74
686,1,o,10,k,0.6,77,25,3,1,325,0,13,17
687,1,o,10,k,0.6,106,42,18,2,320,0,41,98
688,1,o,10,k,0.6,140,54,8,1,235,0,12,343
689,1,o,10,k,0.6,71,17,50,1,216,0,53,38
690,1,o,10,k,0.6,81,33,115,4,244,0,248,50
691,1,o,10,k,0.6,82,42,11,7,300,0,12,105
692,1,o,10,k,0.6,10,2,45,1,129,0,13,5
693,1,o,10,k,0.6,34,7,4,0,125,0,4,5
694,1,o,10,k,0.6,58,1,3,0,115,0,8,28
695,1,o,10,k,0.6,72,52,106,4,237,0,119,216
696,1,o,10,k,0.6,253,29,91,3,295,0,192,324
697,1,o,10,k,0.6,60,12,23,3,167,0,54,15
698,1,o,10,k,0.6,146,22,20,1,215,0,35,254
699,1,o,10,k,0.6,46,11,98,1,290,0,67,15
700,1,o,10,k,0.6,43,4,11,0,127,0,20,5
701,1,o,10,k,0.6,30,21,6,4,121,0,19,33
702,1,o,10,k,0.6,64,9,4,1,173,0,9,43
703,1,o,10,k,0.6,77,21,47,1,326,0,60,9
704,1,o,10,k,0.6,89,41,120,4,209,0,152,226
705,1,o,10,k,0.6,86,15,21,2,170,0,53,15
706,1,o,10,k,0.6,80,34,9,2,162,0,23,159
707,1,o,10,k,0.6,80,28,36,1,182,0,78,79
708,1,o,10,k,0.6,70,5,18,0,220,0,11,16
709,1,o,10,k,0.6,160,28,16,2,412,0,52,66
710,1,o,10,k,0.6,75,3,3,1,194,0,9,13
711,1,o,10,k,0.6,62,23,10,1,245,0,16,31
712,1,o,10,k,0.6,124,76,267,8,308,0,613,106
713,1,o,10,k,0.6,92,23,33,1,197,0,48,140
714,1,o,10,k,0.6,50,21,8,1,231,0,15,4
715,1,o,10,k,0.6,77,23,8,1,275,0,12,58
716,1,o,10,k,0.6,34,12,1,0,135,0,6,13
717,1,o,10,k,0.6,91,40,15,2,336,0,15,82
718,1,o,10,k,0.6,85,19,41,6,182,0,50,150
719,1,o,10,k,0.6,98,12,34,0,221,0,24,75
720,1,o,10,k,0.6,57,8,47,2,207,0,45,30
721,1,o,10,k,0.6,79,48,44,4,317,0,69,115
722,1,o,10,k,0.6,78,25,60,3,203,0,128,61
723,1,o,10,k,0.6,47,16,6,0,166,0,10,28
724,1,o,10,k,0.6,84,34,2,1,343,0,5,35
725,1,o,10,k,0.6,140,18,11,1,326,0,22,94
726,1,o,10,k,0.6,53,20,1,0,239,0,4,10
727,1,o,10,k,0.6,63,7,28,1,248,0,20,11
728,1,o,10,k,0.6,62,22,6,1,259,0,9,1
729,1,o,10,k,0.6,45,24,3,1,249,0,1,3
730,1,o,10,k,0.6,86,18,7,3,204,0,13,83
731,1,o,10,k,0.6,80,10,15,2,230,0,25,25
732,1,o,10,k,0.6,76,26,15,1,178,0,39,93
733,1,o,10,k,0.6,62,43,159,2,436,0,115,123
734,1,o,10,k,0.6,64,19,21,2,227,0,37,47
735,1,o,10,k,0.6,104,16,50,1,230,0,71,130
736,1,o,10,k,0.6,58,60,237,7,217,0,420,69
737,1,o,10,k,0.6,186,69,60,6,362,0,118,322
738,1,o,10,k,0.6,42,39,17,3,195,0,17,72
739,1,o,10,k,0.6,64,18,39,1,249,0,46,16
740,1,o,10,k,0.6,175,45,44,3,274,0,60,315
741,1,o,10,k,0.6,212,88,166,19,86,0,477,447
742,1,o,10,k,0.6,121,17,38,1,357,0,42,54
743,1,o,10,k,0.6,140,29,119,3,195,0,224,186
744,1,o,10,k,0.6,64,21,16,1,160,0,29,87
745,1,o,10,k,0.6,85,56,221,6,376,0,300,164
746,1,o,10,k,0.6,109,48,77,2,143,0,141,231
747,1,o,10,k,0.6,68,51,3,0,360,0,5,74
748,1,o,10,k,0.6,48,31,81,6,126,0,126,98
749,1,o,10,k,0.6,122,21,12,5,205,0,32,146
750,1,o,10,k,0.6,56,16,68,2,145,0,100,76
751,1,o,10,k,0.6,95,60,25,2,351,0,48,130
752,1,o,10,k,0.6,93,64,117,5,226,0,129,360
753,1,o,10,k,0.6,111,18,56,4,252,0,147,69
754,1,o,10,k,0.6,140,19,84,1,244,0,140,123
755,1,o,10,k,0.6,170,46,22,7,242,0,85,333
756,1,o,10,k,0.6,104,42,46,3,406,0,105,70
757,1,o,10,k,0.6,44,50,44,2,268,0,75,67
758,1,o,10,k,0.6,35,20,2,0,182,0,5,4
759,1,o,10,k,0.6,71,42,5,1,380,0,7,17
760,1,o,10,k,0.6,54,15,5,0,215,0,10,3
761,1,o,10,k,0.6,178,68,18,2,188,0,45,406
762,1,o,10,k,0.6,72,35,50,2,264,0,52,82
763,1,o,10,k,0.6,99,15,10,3,285,0,17,49
764,1,o,10,k,0.6,102,18,10,1,261,0,36,58
765,1,o,10,k,0.6,170,31,100,12,329,0,157,224
766,1,o,10,k,0.6,118,72,260,6,254,0,373,350
767,1,o,10,k,0.6,23,5,22,7,74,0,18,14
768,1,o,10,k,0.6,70,67,139,5,119,0,411,42
769,1,o,10,k,0.6,65,18,13,2,225,0,17,55
770,1,o,10,k,0.6,84,42,6,2,336,0,13,96
771,1,o,10,k,0.6,75,35,11,2,295,0,15,60
772,1,o,10,k,0.6,94,7,11,0,232,0,17,41
773,1,o,10,k,0.6,84,17,57,0,300,0,69,46
774,1,o,10,k,0.6,97,45,37,2,171,0,57,219
775,1,o,10,k,0.6,64,34,25,0,146,0,43,142
776,1,o,10,k,0.6,72,18,90,1,320,0,87,19
777,1,o,10,k,0.6,80,17,9,1,282,0,18,16
778,1,o,10,k,0.6,158,113,66,5,301,0,86,578
779,1,o,10,k,0.6,140,58,47,3,190,0,80,314
780,1,o,10,k,0.6,33,18,14,1,168,0,24,13
781,1,o,10,k,0.6,98,69,91,2,590,0,146,30
782,1,o,10,k,0.6,177,31,142,4,499,0,237,93
783,1,o,10,k,0.6,71,14,20,1,251,0,32,24
784,1,o,10,k,0.6,115,5,30,1,278,0,53,47
785,1,o,10,k,0.6,79,17,34,1,338,0,32,18
786,1,o,10,k,0.6,3,1,3,0,4,0,6,4
787,1,o,10,k,0.6,6,4,8,3,18,0,10,5
788,1,o,10,k,0.6,121,36,29,1,341,0,29,205
789,1,o,10,k,0.6,56,33,21,2,264,0,42,22
790,1,o,10,k,0.6,122,60,70,1,270,0,87,320
791,1,o,10,k,0.6,46,11,29,3,219,0,30,11
792,1,o,10,k,0.6,80,16,10,1,185,0,9,93
793,1,o,10,k,0.6,267,92,2,3,244,0,5,876
794,1,o,10,k,0.6,47,31,6,1,193,0,17,43
795,1,o,10,k,0.6,108,60,87,5,315,0,137,158
796,1,o,10,k,0.6,100,45,29,1,320,0,58,107
797,1,o,10,k,0.6,152,50,178,4,247,0,302,284
798,1,o,10,k,0.6,143,30,25,2,281,0,26,207
799,1,o,10,k,0.6,3,3,15,0,6,0,26,3
800,1,o,10,k,0.6,44,24,2,0,212,0,6,24
801,1,o,10,k,0.6,138,29,9,1,370,0,8,134
802,1,o,10,k,0.6,79,51,224,4,89,0,492,87
803,1,o,10,k,0.6,142,26,30,6,242,0,43,121
804,1,o,10,k,0.6,114,9,26,1,303,0,60,6
805,1,o,10,k,0.6,82,21,51,2,280,0,36,74
806,1,o,10,k,0.6,178,25,7,1,162,0,3,380
807,1,o,10,k,0.6,136,117,126,1,760,0,119,125
808,1,o,10,k,0.6,102,19,6,0,368,0,13,3
809,1,o,10,k,0.6,83,56,31,4,229,0,67,165
810,1,o,10,k,0.6,90,37,42,4,300,0,60,99
811,1,o,10,k,0.6,89,6,8,1,278,0,7,1
812,1,o,10,k,0.6,120,71,10,2,367,0,14,266
813,1,o,10,k,0.6,16,3,33,1,123,0,6,3
814,1,o,10,k,0.6,121,97,138,5,400,0,357,144
815,1,o,10,k,0.6,57,20,27,2,179,0,47,67
816,1,o,10,k,0.6,95,38,19,0,285,0,110,3
817,1,o,10,k,0.6,112,30,15,2,262,0,26,138
818,1,o,10,k,0.6,103,34,94,8,390,0,108,118
819,1,o,10,k,0.6,117,63,17,4,325,0,22,214
820,1,o,10,k,0.6,100,50,250,9,223,0,396,159
821,1,o,10,k,0.6,37,12,12,0,108,0,15,38
822,1,o,10,k,0.6,7,4,119,0,163,0,97,4
823,1,o,10,k,0.6,156,33,40,1,227,0,118,224
824,1,o,10,k,0.6,88,14,40,3,171,0,76,78
825,1,o,10,k,0.6,85,13,19,1,211,0,22,80
826,1,o,10,k,0.6,1,6,16,1,17,0,26,8
827,1,o,10,k,0.6,180,33,44,1,282,0,71,179
828,1,o,10,k,0.6,56,16,20,0,205,0,39,7
829,1,o,10,k,0.6,85,39,17,1,218,0,25,133
830,1,o,10,k,0.6,78,34,60,2,166,0,160,45
831,1,o,10,k,0.6,25,24,101,1,240,0,45,96
832,1,o,10,k,0.6,58,37,134,17,244,0,178,117
833,1,o,10,k,0.6,103,32,29,2,396,0,44,25
834,1,o,10,k,0.6,140,21,61,7,211,0,85,212
835,1,o,10,k,0.6,44,30,3,1,220,0,10,40
836,1,o,10,k,0.6,225,38,4,1,140,0,6,551
837,1,o,10,k,0.6,51,10,8,0,169,0,11,18
838,1,o,10,k,0.6,131,23,56,2,246,0,89,214
839,1,o,10,k,0.6,27,9,2,0,117,0,3,2
840,1,o,10,k,0.6,90,41,33,1,318,0,102,62
841,1,o,10,k,0.6,94,21,103,3,204,0,228,25
842,1,o,10,k,0.6,108,69,50,2,412,0,72,218
843,1,o,10,k,0.6,113,47,1,2,210,0,5,310
844,1,o,10,k,0.6,218,80,109,6,215,0,155,622
845,1,o,10,k,0.6,109,6,7,0,330,0,10,5
846,1,o,10,k,0.6,57,28,1,1,300,0,3,14
847,1,o,10,k,0.6,156,44,123,27,368,0,179,176
848,1,o,10,k,0.6,36,14,6,1,78,0,14,33
849,1,o,10,k,0.6,178,92,77,5,206,0,84,630
850,1,o,10,k,0.6,71,50,109,5,287,0,170,97
851,1,o,10,k,0.6,131,9,92,3,210,0,142,56
852,1,o,10,k,0.6,77,45,11,1,268,0,19,140
853,1,o,10,k,0.6,37,15,82,13,240,0,75,45
854,1,o,10,k,0.6,59,38,45,2,293,0,73,29
855,1,o,10,k,0.6,47,23,40,0,188,0,49,65
856,1,o,10,k,0.6,48,27,13,0,227,0,25,19
857,1,o,10,k,0.6,33,18,1,1,197,0,3,3
858,1,o,10,k,0.6,89,6,10,0,247,0,15,13
859,1,o,10,k,0.6,79,46,134,1,314,0,209,73
860,1,o,10,k,0.6,56,21,11,0,228,0,15,22
861,1,o,10,k,0.6,51,3,4,0,146,0,10,4
862,1,o,10,k,0.6,115,22,88,1,329,0,134,99
863,1,o,10,k,0.6,186,65,107,4,203,0,125,536
864,1,o,10,k,0.6,126,7,19,0,324,0,43,12
865,1,o,10,k,0.6,116,11,14,3,309,0,22,34
866,1,o,10,k,0.6,36,17,49,6,172,0,83,14
867,1,o,10,k,0.6,125,55,116,4,285,0,150,290
868,1,o,10,k,0.6,64,24,13,0,251,0,15,13
869,1,o,10,k,0.6,49,26,12,0,210,0,22,18
870,1,o,10,k,0.6,56,24,5,0,255,0,8,10
871,1,o,10,k,0.6,77,42,27,2,294,0,46,124
872,1,o,10,k,0.6,59,22,6,1,254,0,12,1
873,1,o,10,k,0.6,97,54,2,1,388,0,5,103
874,1,o,10,k,0.6,62,30,33,4,202,0,95,29
875,1,o,10,k,0.6,31,10,9,3,100,0,14,29
876,1,o,10,k,0.6,26,36,13,1,205,0,21,14
877,1,o,10,k,0.6,104,7,14,1,298,0,21,4
878,1,o,10,k,0.6,95,2,11,0,244,0,24,8
879,1,o,10,k,0.6,37,4,3,0,116,0,1,12
880,1,o,10,k,0.6,134,32,35,4,245,0,53,238
881,1,o,10,k,0.6,85,4,13,0,225,0,24,11
882,1,o,10,k,0.6,107,65,10,2,181,0,19,336
883,1,o,10,k,0.6,137,89,33,2,339,0,45,384
884,1,o,10,k,0.6,10,12,19,1,92,0,23,8
885,1,o,10,k,0.6,46,18,61,2,245,0,60,35
886,1,o,10,k,0.6,62,32,14,1,320,0,23,2
887,1,o,10,k,0.6,62,31,9,1,158,0,17,127
888,1,o,10,k,0.6,198,93,272,12,341,0,313,792
889,1,o,10,k,0.6,36,21,82,2,269,0,95,23
890,1,o,10,k,0.6,131,63,51,2,525,0,120,61
891,1,o,10,k,0.6,51,7,13,2,158,0,20,8
892,1,o,10,k,0.6,47,12,113,3,157,0,142,62
893,1,o,10,k,0.6,122,37,32,2,190,0,108,187
894,1,o,10,k,0.6,73,25,34,2,247,0,49,51
895,1,o,10,k,0.6,26,7,4,1,74,0,6,36
896,1,o,10,k,0.6,57,16,38,2,219,0,38,32
897,1,o,10,k,0.6,63,24,14,1,236,0,17,34
898,1,o,10,k,0.6,3,5,3,0,32,0,5,1
899,1,o,10,k,0.6,72,15,18,2,219,0,31,44
900,1,o,10,k,0.6,105,27,11,1,257,0,26,128
901,1,o,10,k,0.6,109,26,26,4,276,0,79,33
902,1,o,10,k,0.6,38,2,3,1,100,0,7,13
903,1,o,10,k,0.6,53,24,15,2,246,0,21,1
904,1,o,10,k,0.6,98,27,54,2,111,0,101,143
905,1,o,10,k,0.6,69,21,7,0,273,0,18,6
906,1,o,10,k,0.6,46,18,5,1,213,0,11,11
907,1,o,10,k,0.6,75,36,3,0,350,0,6,23
908,1,o,10,k,0.6,134,54,132,2,228,0,177,322
909,1,o,10,k,0.6,138,31,118,6,316,0,161,185
910,1,o,10,k,0.6,98,36,32,2,400,0,59,15
911,1,o,10,k,0.6,140,28,79,2,420,0,134,51
912,1,o,10,k,0.6,59,13,41,1,216,0,75,25
913,1,o,10,k,0.6,61,2,11,0,168,0,13,7
914,1,o,10,k,0.6,140,36,250,5,281,0,508,38
915,1,o,10,k,0.6,61,4,10,1,108,0,25,12
916,1,o,10,k,0.6,46,6,5,0,138,0,9,11
917,1,o,10,k,0.6,71,47,68,2,244,0,85,155
918,1,o,10,k,0.6,88,27,30,17,290,0,30,74
919,1,o,10,k,0.6,36,5,4,2,116,0,10,2
920,1,o,10,k,0.6,120,43,56,3,213,0,89,268
921,1,o,10,k,0.6,55,4,12,2,178,0,12,4
922,1,o,10,k,0.6,110,14,47,0,352,0,96,11
923,1,o,10,k,0.6,67,10,36,2,177,0,70,16
924,1,o,10,k,0.6,110,13,9,0,320,0,12,14
925,1,o,10,k,0.6,85,20,15,0,284,0,25,30
926,1,o,10,k,0.6,212,41,172,3,144,0,568,62
927,1,o,10,k,0.6,80,29,5,1,345,0,9,13
928,1,o,10,k,0.6,59,17,12,5,240,0,12,24
929,1,o,10,k,0.6,109,18,94,0,286,0,136,66
930,1,o,10,k,0.6,45,5,5,0,138,0,10,3
931,1,o,10,k,0.6,154,44,130,6,352,0,236,144
932,1,o,10,k,0.6,90,13,19,5,233,0,19,67
933,1,o,10,k,0.6,145,41,27,3,370,0,62,126
934,1,o,10,k,0.6,158,76,116,4,360,0,217,292
935,1,o,10,k,0.6,64,27,2,0,298,0,6,9
936,1,o,10,k,0.6,12,2,93,1,235,0,13,34
937,1,o,10,k,0.6,31,6,4,0,108,0,9,3
938,1,o,10,k,0.6,88,12,30,1,265,0,40,47
939,1,o,10,k,0.6,52,23,11,1,194,0,10,90
940,1,o,10,k,0.6,180,18,46,0,293,0,110,215
941,1,o,10,k,0.6,41,37,67,4,195,0,119,52
942,1,o,10,k,0.6,53,21,24,2,281,0,9,27
943,1,o,10,k,0.6,177,29,14,1,284,0,26,255
944,1,o,10,k,0.6,28,7,3,0,108,0,2,12
945,1,o,10,k,0.6,67,24,7,3,230,0,14,17
946,1,o,10,k,0.6,38,33,27,1,190,0,38,48
947,1,o,10,k,0.6,107,33,104,3,290,0,216,74
948,1,o,10,k,0.6,64,19,56,2,301,0,53,23
949,1,o,10,k,0.6,98,10,57,13,332,0,65,43
950,1,o,10,k,0.6,38,13,8,1,125,0,13,10
951,1,o,10,k,0.6,13,3,139,1,255,0,26,38
952,1,o,10,k,0.6,44,18,8,0,198,0,13,10
953,1,o,10,k,0.6,150,31,132,1,200,0,212,228
954,1,o,10,k,0.6,45,11,3,0,131,0,8,40
955,1,o,10,k,0.6,40,29,14,1,166,0,37,35
956,1,o,10,k,0.6,121,45,82,2,198,0,140,223
957,1,o,10,k,0.6,93,24,25,2,262,0,24,118
958,1,o,10,k,0.6,88,59,121,6,310,0,310,35
959,1,o,10,k,0.6,188,30,55,1,335,0,102,288
960,1,o,10,k,0.6,213,89,18,2,245,0,34,596
961,1,o,10,k,0.6,85,6,7,1,251,0,14,6
962,1,o,10,k,0.6,47,29,15,1,255,0,30,1
963,1,o,10,k,0.6,80,11,9,1,265,0,14,23
964,1,o,10,k,0.6,14,4,19,2,72,0,14,17
965,1,o,10,k,0.6,130,30,49,2,256,0,115,77
966,1,o,10,k,0.6,77,50,71,4,289,0,122,122
967,1,o,10,k,0.6,52,32,21,1,183,0,28,105
968,1,o,10,k,0.6,111,29,5,0,236,0,7,173
969,1,o,10,k,0.6,110,21,10,4,379,0,15,33
970,1,o,10,k,0.6,156,58,42,4,293,0,74,358
971,1,o,10,k,0.6,112,41,64,5,269,0,130,180
972,1,o,10,k,0.6,92,53,49,2,223,0,136,138
973,1,o,10,k,0.6,153,68,308,11,366,0,581,156
974,1,o,10,k,0.6,82,54,16,2,193,0,33,210
975,1,o,10,k,0.6,135,18,17,3,242,0,31,88
976,1,o,10,k,0.6,46,11,9,1,170,0,18,8
977,1,o,10,k,0.6,120,56,38,2,259,0,60,257
978,1,o,10,k,0.6,103,77,253,7,260,0,484,153
979,1,o,10,k,0.6,168,30,47,2,276,0,58,232
980,1,o,10,k,0.6,88,40,109,6,330,0,178,26
981,1,o,10,k,0.6,81,30,4,0,280,0,20,19
982,1,o,10,k,0.6,42,17,12,0,142,0,28,45
983,1,o,10,k,0.6,76,47,3,0,332,0,10,56
984,1,o,10,k,0.6,84,23,9,1,236,0,13,58
985,1,o,10,k,0.6,96,2,10,1,250,0,20,1
986,1,o,10,k,0.6,82,20,5,1,247,0,9,58
987,1,o,10,k,0.6,41,8,8,0,67,0,14,30
988,1,o,10,k,0.6,21,14,139,1,485,0,15,18
989,1,o,10,k,0.6,125,27,153,1,323,0,199,107
990,1,o,10,k,0.6,49,7,17,2,170,0,32,7
991,1,o,10,k,0.6,98,27,141,13,320,0,153,122
992,1,o,10,k,0.6,170,65,39,33,229,0,64,494
993,1,o,10,k,0.6,105,17,21,5,201,0,46,90
994,1,o,10,k,0.6,30,9,2,0,93,0,3,25
995,1,o,10,k,0.6,85,32,7,2,376,0,14,34
996,1,o,10,k,0.6,67,43,61,2,198,0,97,142
997,1,o,10,k,0.6,53,17,39,1,155,0,48,81
998,1,o,10,k,0.6,61,13,8,5,222,0,6,18
999,1,o,10,k,0.6,44,16,16,6,230,0,6,20
1000,1,o,10,k,0.6,79,11,9,2,280,0,6,5
1001,1,o,10,k,0.6,180,59,44,6,238,0,79,457
1002,1,o,10,k,0.6,75,15,62,2,244,0,80,67
1003,1,o,10,k,0.6,156,42,54,2,314,0,88,235
1004,1,o,10,k,0.6,44,11,35,1,166,0,48,13
1005,1,o,10,k,0.6,67,51,121,4,262,0,192,129
1006,1,o,10,k,0.6,108,57,52,7,243,0,67,127
1007,1,o,10,k,0.6,80,8,6,1,207,0,11,25
1008,1,o,10,k,0.6,49,12,19,2,193,0,35,19
1009,1,o,10,k,0.6,107,53,3,0,380,0,5,147
1010,1,o,10,k,0.6,115,39,13,15,301,0,27,145
1011,1,o,10,k,0.6,55,27,12,1,228,0,17,10
1012,1,o,10,k,0.6,92,21,11,1,112,0,14,198
1013,1,o,10,k,0.6,117,74,100,2,356,0,181,216
1014,1,o,10,k,0.6,82,58,113,7,388,0,200,31
1015,1,o,10,k,0.6,4,4,6,0,14,0,12,4
1016,1,o,10,k,0.6,51,20,3,1,168,0,6,76
1017,1,o,10,k,0.6,144,15,20,1,263,0,49,85
1018,1,o,10,k,0.6,68,19,24,1,243,0,40,21
1019,1,o,10,k,0.6,74,12,2,1,247,0,6,12
1020,1,o,10,k,0.6,53,24,32,2,190,0,24,93
1021,1,o,10,k,0.6,104,28,24,1,289,0,52,91
1022,1,o,10,k,0.6,67,20,10,3,210,0,16,56
1023,1,o,10,k,0.6,29,9,11,1,119,0,12,19
1024,1,o,10,k,0.6,32,16,1,0,155,0,5,17
1025,1,o,10,k,0.6,112,45,64,3,171,0,108,260
1026,1,o,10,k,0.6,107,19,21,7,382,0,26,24
1027,1,o,10,k,0.6,128,41,5,2,198,0,10,265
1028,1,o,10,k,0.6,74,31,69,6,246,0,108,99
1029,1,o,10,k,0.6,47,13,3,1,182,0,3,8
1030,1,o,10,k,0.6,48,25,44,2,116,0,87,46
1031,1,o,10,k,0.6,115,72,101,2,290,0,230,87
1032,1,o,10,k,0.6,71,45,192,6,237,0,337,91
1033,1,o,10,k,0.6,40,69,100,4,476,0,128,52
1034,1,o,10,k,0.6,70,24,76,5,199,0,132,62
1035,1,o,10,k,0.6,67,5,10,2,187,0,21,9
1036,1,o,10,k,0.6,105,72,88,2,562,0,145,43
1037,1,o,10,k,0.6,73,50,9,1,305,0,10,95
1038,1,o,10,k,0.6,77,17,6,0,273,0,6,27
1039,1,o,10,k,0.6,85,29,40,2,241,0,82,94
1040,1,o,10,k,0.6,67,29,10,1,331,0,11,2
1041,1,o,10,k,0.6,162,46,11,1,294,0,27,286
1042,1,o,10,k,0.6,94,24,16,1,228,0,31,103
1043,1,o,10,k,0.6,70,6,4,25,250,0,9,20
1044,1,o,10,k,0.6,45,38,9,2,279,0,20,13
1045,1,o,10,k,0.6,56,35,4,1,304,0,7,5
1046,1,o,10,k,0.6,79,11,21,0,230,0,54,6
1047,1,o,10,k,0.6,32,12,30,2,124,0,46,2
1048,1,o,10,k,0.6,98,11,9,2,316,0,8,10
1049,1,o,10,k,0.6,100,40,73,2,260,0,122,113
1050,1,o,10,k,0.6,110,4,7,2,321,0,11,15
1051,1,o,10,k,0.6,13,3,55,1,152,0,21,10
1052,1,o,10,k,0.6,60,23,5,1,274,0,8,15
1053,1,o,10,k,0.6,156,41,18,11,215,0,26,242
1054,1,o,10,k,0.6,65,14,30,1,166,0,21,93
1055,1,o,10,k,0.6,52,41,69,5,171,0,136,132
1056,1,o,10,k,0.6,125,77,87,2,364,0,135,268
1057,1,o,10,k,0.6,1,1,2,1,4,0,6,2
1058,1,o,10,k,0.6,135,68,50,2,247,0,95,294
1059,1,o,10,k,0.6,143,26,20,2,206,0,60,117
1060,1,o,10,k,0.6,198,42,13,1,303,0,40,336
1061,1,o,10,k,0.6,70,45,63,5,220,0,121,136
1062,1,o,10,k,0.6,101,77,118,13,470,0,136,166
1063,1,o,10,k,0.6,188,34,75,1,275,0,172,232
1064,1,o,10,k,0.6,50,5,9,0,144,0,19,5
1065,1,o,10,k,0.6,82,51,12,1,376,0,16,34
1066,1,o,10,k,0.6,93,91,201,31,467,0,245,119
1067,1,o,10,k,0.6,71,16,13,1,151,0,8,118
1068,1,o,10,k,0.6,298,65,7,1,254,0,9,708
1069,1,o,10,k,0.6,60,29,4,0,287,0,10,11
1070,1,o,10,k,0.6,103,36,2,2,483,0,6,13
1071,1,o,10,k,0.6,114,8,31,3,372,0,38,9
1072,1,o,10,k,0.6,57,21,1,1,243,0,10,17
1073,1,o,10,k,0.6,80,45,101,4,352,0,161,26
1074,1,o,10,k,0.6,18,22,15,1,166,0,16,8
1075,1,o,10,k,0.6,136,52,13,2,157,0,28,418
1076,1,o,10,k,0.6,61,50,68,1,277,0,168,70
1077,1,o,10,k,0.6,331,73,84,8,311,0,147,756
1078,1,o,10,k,0.6,95,49,7,1,280,0,8,181
1079,1,o,10,k,0.6,190,55,16,2,297,0,53,338
1080,1,o,10,k,0.6,61,23,11,4,262,0,19,20
1081,1,o,10,k,0.6,27,7,5,0,95,0,9,8
1082,1,o,10,k,0.6,49,32,12,1,140,0,17,136
1083,1,o,10,k,0.6,42,14,69,2,244,0,57,14
1084,1,o,10,k,0.6,78,34,354,2,416,0,220,388
1085,1,o,10,k,0.6,108,10,295,2,277,0,428,42
1086,1,o,10,k,0.6,83,19,13,16,199,0,22,76
1087,1,o,10,k,0.6,55,12,2,1,198,0,3,10
1088,1,o,10,k,0.6,158,82,60,4,210,0,82,495
1089,1,o,10,k,0.6,179,46,40,3,347,0,71,329
1090,1,o,10,k,0.6,77,27,1,1,358,0,4,5
1091,1,o,10,k,0.6,90,71,284,87,420,0,380,262
1092,1,o,10,k,0.6,77,37,37,2,202,0,63,134
1093,1,o,10,k,0.6,61,89,78,5,226,0,140,325
1094,1,o,10,k,0.6,59,11,9,1,140,0,12,73
1095,1,o,10,k,0.6,51,38,31,2,286,0,72,28
1096,1,o,10,k,0.6,136,33,7,1,265,0,13,221
1097,1,o,10,k,0.6,130,34,37,4,344,0,50,103
1098,1,o,10,k,0.6,123,31,56,3,272,0,92,185
1099,1,o,10,k,0.6,96,7,21,2,221,0,10,76
1100,1,o,10,k,0.6,81,11,39,2,213,0,95,10
1101,1,o,10,k,0.6,92,52,82,10,289,0,127,135
1102,1,o,10,k,0.6,43,20,15,1,207,0,26,15
1103,1,o,10,k,0.6,219,53,40,7,259,0,60,533
1104,1,o,10,k,0.6,104,70,279,4,270,0,384,280
1105,1,o,10,k,0.6,301,37,30,2,100,0,121,708
1106,1,o,10,k,0.6,13,75,18,2,331,0,27,54
1107,1,o,10,k,0.6,55,21,1,0,249,0,3,14
1108,1,o,10,k,0.6,56,11,10,1,182,0,11,2
1109,1,o,10,k,0.6,85,50,16,2,272,0,46,88
1110,1,o,10,k,0.6,94,5,23,1,256,0,40,6
1111,1,o,10,k,0.6,9,3,79,1,191,0,11,23
1112,1,o,10,k,0.6,47,27,138,8,201,0,28,294
1113,1,o,10,k,0.6,101,41,5,1,344,0,10,106
1114,1,o,10,k,0.6,40,62,50,4,340,0,66,65
1115,1,o,10,k,0.6,317,88,129,5,234,0,189,925
1116,1,o,10,k,0.6,100,24,5,1,379,0,10,26
1117,1,o,10,k,0.6,76,28,84,7,303,0,108,20
1118,1,o,10,k,0.6,34,35,52,4,180,0,64,118
1119,1,o,10,k,0.6,67,41,4,1,191,0,7,179
1120,1,o,10,k,0.6,42,11,103,7,69,0,184,43
1121,1,o,10,k,0.6,156,86,60,10,190,0,110,365
1122,1,o,10,k,0.6,88,20,4,1,264,0,12,46
1123,1,o,10,k,0.6,58,28,186,2,384,0,153,87
1124,1,o,10,k,0.6,32,12,12,0,101,0,23,8
1125,1,o,10,k,0.6,140,34,7,2,263,0,25,248
1126,1,o,10,k,0.6,53,18,3,1,223,0,9,16
1127,1,o,10,k,0.6,144,34,46,7,289,0,94,205
1128,1,o,10,k,0.6,157,25,66,4,293,0,121,155
1129,1,o,10,k,0.6,169,56,39,3,338,0,68,293
1130,1,o,10,k,0.6,140,64,104,3,202,0,145,410
1131,1,o,10,k,0.6,91,53,5,0,236,0,5,233
1132,1,o,10,k,0.6,58,10,2,1,214,0,2,5
1133,1,o,10,k,0.6,347,132,39,5,283,0,49,1097
1134,1,o,10,k,0.6,124,3,13,1,200,0,30,86
1135,1,o,10,k,0.6,60,16,5,1,229,0,3,28
1136,1,o,10,k,0.6,81,18,66,3,162,0,72,124
1137,1,o,10,k,0.6,240,63,18,2,146,0,33,724
1138,1,o,10,k,0.6,40,20,1,0,199,0,5,9
1139,1,o,10,k,0.6,25,34,13,2,180,0,25,34
1140,1,o,10,k,0.6,66,31,1,1,331,0,3,11
1141,1,o,10,k,0.6,130,51,227,6,261,0,250,342
1142,1,o,10,k,0.6,22,8,7,0,69,0,11,22
1143,1,o,10,k,0.6,110,22,21,1,303,0,45,74
1144,1,o,10,k,0.6,104,61,9,1,257,0,3,277
1145,1,o,10,k,0.6,56,20,7,0,238,0,11,12
1146,1,o,10,k,0.6,206,71,79,3,199,0,95,608
1147,1,o,10,k,0.6,80,13,8,0,252,0,22,1
1148,1,o,10,k,0.6,72,109,191,1,272,0,231,510
1149,1,o,10,k,0.6,124,48,351,6,237,0,620,130
1150,1,o,10,k,0.6,145,15,23,4,259,0,40,145
1151,1,o,10,k,0.6,59,50,22,1,216,0,52,134
1152,1,o,10,k,0.6,22,77,60,2,342,0,85,53
1153,1,o,10,k,0.6,107,19,16,1,372,0,24,10
1154,1,o,10,k,0.6,38,19,61,3,208,0,48,33
1155,1,o,10,k,0.6,180,55,125,3,302,0,208,346
1156,1,o,10,k,0.6,111,55,61,2,464,0,115,63
1157,1,o,10,k,0.6,182,73,99,4,254,0,480,53
1158,1,o,10,k,0.6,73,51,24,2,253,0,39,136
1159,1,o,10,k,0.6,75,9,55,2,192,0,98,17
1160,1,o,10,k,0.6,108,28,7,1,273,0,27,77
1161,1,o,10,k,0.6,154,29,110,3,223,0,214,231
1162,1,o,10,k,0.6,48,29,15,1,240,0,18,16
1163,1,o,10,k,0.6,33,34,31,2,126,0,52,119
1164,1,o,10,k,0.6,96,35,18,2,239,0,36,147
1165,1,o,10,k,0.6,92,31,110,5,258,0,165,123
1166,1,o,10,k,0.6,155,45,15,1,170,0,22,376
1167,1,o,10,k,0.6,95,5,6,1,153,0,9,81
1168,1,o,10,k,0.6,71,24,44,1,192,0,107,42
1169,1,o,10,k,0.6,47,9,7,0,170,0,7,10
1170,1,o,10,k,0.6,83,7,10,3,244,0,17,14
1171,1,o,10,k,0.6,174,38,32,4,320,0,56,288
1172,1,o,10,k,0.6,96,34,160,26,234,0,272,133
1173,1,o,10,k,0.6,19,4,45,2,108,0,40,3
1174,1,o,10,k,0.6,8,5,7,4,18,0,15,5
1175,1,o,10,k,0.6,156,27,11,1,270,0,28,216
1176,1,o,10,k,0.6,298,42,165,11,198,0,236,715
1177,1,o,10,k,0.6,69,28,60,3,220,0,82,67
1178,1,o,10,k,0.6,64,28,211,5,239,0,316,56
1179,1,o,10,k,0.6,206,65,12,1,283,0,25,472
1180,1,o,10,k,0.6,42,12,56,2,128,0,78,55
1181,1,o,10,k,0.6,80,16,5,0,248,0,7,45
1182,1,o,10,k,0.6,102,15,4,0,324,0,4,26
1183,1,o,10,k,0.6,130,26,3,0,135,0,6,322
1184,1,o,10,k,0.6,104,3,6,2,241,0,14,11
1185,1,o,10,k,0.6,116,44,11,16,362,0,33,176
1186,1,o,10,k,0.6,93,54,2,1,336,0,8,125
1187,1,o,10,k,0.6,81,18,9,2,299,0,10,27
1188,1,o,10,k,0.6,40,7,21,2,100,0,24,43
1189,1,o,10,k,0.6,167,110,19,1,207,0,32,607
1190,1,o,10,k,0.6,86,67,238,6,271,0,332,205
1191,1,o,10,k,0.6,57,32,8,2,245,0,14,30
1192,1,o,10,k,0.6,161,59,63,2,400,0,95,277
1193,1,o,10,k,0.6,71,7,3,0,228,0,3,8
1194,1,o,10,k,0.6,132,36,46,2,176,0,79,268
1195,1,o,10,k,0.6,103,58,122,4,256,0,172,232
1196,1,o,10,k,0.6,260,78,43,2,225,0,119,656
1197,1,o,10,k,0.6,100,17,4,0,390,0,6,14
1198,1,o,10,k,0.6,61,31,152,3,385,0,86,119
1199,1,o,10,k,0.6,104,31,142,1,310,0,230,91
1200,1,o,10,k,0.6,77,8,27,0,239,0,6,1
1201,1,o,10,k,0.6,6,2,8,1,16,0,14,3
1202,1,o,10,k,0.6,141,54,128,12,350,0,192,225
1203,1,o,10,k,0.6,133,85,110,8,360,0,149,340
1204,1,o,10,k,0.6,110,28,110,5,328,0,197,42
1205,1,o,10,k,0.6,102,25,89,56,284,0,111,218
1206,1,o,10,k,0.6,71,29,6,0,305,0,13,21
1207,1,o,10,k,0.6,73,28,98,3,267,0,141,104
1208,1,o,10,k,0.6,61,16,11,1,142,0,17,68
1209,1,o,10,k,0.6,63,12,21,1,202,0,39,23
1210,1,o,10,k,0.6,52,19,5,0,227,0,9,4
1211,1,o,10,k,0.6,110,23,43,1,240,0,57,122
1212,1,o,10,k,0.6,73,45,132,6,252,0,189,143
1213,1,o,10,k,0.6,43,18,2,1,220,0,3,10
1214,1,o,10,k,0.6,89,13,32,2,243,0,52,37
1215,1,o,10,k,0.6,26,24,12,0,164,0,23,24
1216,1,o,10,k,0.6,90,25,8,0,340,0,10,33
1217,1,o,10,k,0.6,64,57,49,16,298,0,83,141
1218,1,o,10,k,0.6,3,2,6,2,7,0,10,7
1219,1,o,10,k,0.6,88,23,3,0,143,0,8,164
1220,1,o,10,k,0.6,306,19,93,29,172,0,180,376
1221,1,o,10,k,0.6,132,37,86,4,252,0,163,196
1222,1,o,10,k,0.6,114,35,116,1,228,0,207,144
1223,1,o,10,k,0.6,77,29,10,0,197,0,18,112
1224,1,o,10,k,0.6,95,14,17,9,269,0,22,46
1225,1,o,10,k,0.6,88,15,50,1,225,0,120,5
1226,1,o,10,k,0.6,215,58,86,9,259,0,140,500
1227,1,o,10,k,0.6,62,7,11,1,98,0,19,80
1228,1,o,10,k,0.6,88,47,89,6,340,0,126,47
1229,1,o,10,k,0.6,67,40,18,1,355,0,24,5
1230,1,o,10,k,0.6,16,7,8,0,72,0,12,6
1231,1,o,10,k,0.6,80,5,2,0,198,0,10,8
1232,1,o,10,k,0.6,77,26,17,1,222,0,24,117
1233,1,o,10,k,0.6,194,60,67,4,285,0,69,358
1234,1,o,10,k,0.6,88,38,7,0,388,0,15,25
1235,1,o,10,k,0.6,50,21,1,0,223,0,3,9
1236,1,o,10,k,0.6,129,42,21,2,326,0,35,169
1237,1,o,10,k,0.6,58,29,14,2,272,0,26,22
1238,1,o,10,k,0.6,55,22,4,1,256,0,4,9
1239,1,o,10,k,0.6,65,40,115,2,290,0,155,110
1240,1,o,10,k,0.6,13,15,123,1,96,0,134,42
1241,1,o,10,k,0.6,40,9,35,3,128,0,47,51
1242,1,o,10,k,0.6,39,28,13,7,240,0,14,1
1243,1,o,10,k,0.6,23,9,18,0,62,0,26,22
1244,1,o,10,k,0.6,81,7,35,1,207,0,66,28
1245,1,o,10,k,0.6,78,25,80,3,240,0,188,23
1246,1,o,10,k,0.6,116,36,29,1,261,0,55,94
1247,1,o,10,k,0.6,70,37,93,5,304,0,134,34
1248,1,o,10,k,0.6,188,16,34,13,307,0,70,119
1249,1,o,10,k,0.6,48,3,7,0,150,0,9,4
1250,1,o,10,k,0.6,50,5,5,1,159,0,7,5
1251,1,o,10,k,0.6,147,34,97,3,290,0,142,214
1252,1,o,10,k,0.6,73,30,11,1,211,0,21,86
1253,1,o,10,k,0.6,132,43,25,2,307,0,41,255
1254,1,o,10,k,0.6,40,3,7,1,100,0,12,11
1255,1,o,10,k,0.6,47,15,1,1,207,0,3,11
1256,1,o,10,k,0.6,30,18,74,2,226,0,70,37
1257,1,o,10,k,0.6,96,14,11,0,313,0,27,6
1258,1,o,10,k,0.6,78,41,89,3,306,0,133,35
1259,1,o,10,k,0.6,125,65,157,4,144,0,460,182
1260,1,o,10,k,0.6,164,40,138,4,279,0,207,222
1261,1,o,10,k,0.6,72,18,4,3,215,0,12,47
1262,1,o,10,k,0.6,87,72,328,41,376,0,412,428
1263,1,o,10,k,0.6,169,86,104,4,344,0,160,452
1264,1,o,10,k,0.6,152,71,81,1,288,0,148,280
1265,1,o,10,k,0.6,106,25,20,1,285,0,35,89
1266,1,o,10,k,0.6,92,24,28,3,299,0,39,67
1267,1,o,10,k,0.6,42,50,41,1,276,0,63,56
1268,1,o,10,k,0.6,82,40,2,0,370,0,3,46
1269,1,o,10,k,0.6,34,37,49,4,170,0,100,40
1270,1,o,10,k,0.6,71,37,87,3,275,0,119,81
1271,1,o,10,k,0.6,43,32,11,2,240,0,21,15
1272,1,o,10,k,0.6,79,13,44,2,246,0,41,54
1273,1,o,10,k,0.6,32,60,52,4,374,0,44,46
1274,1,o,10,k,0.6,24,9,32,0,75,0,64,8
1275,1,o,10,k,0.6,102,43,47,2,444,0,68,4
1276,1,o,10,k,0.6,240,96,20,2,210,0,49,808
1277,1,o,10,k,0.6,124,47,161,5,404,0,335,83
1278,1,o,10,k,0.6,107,24,32,4,161,0,48,142
1279,1,o,10,k,0.6,56,5,6,0,185,0,7,3
1280,1,o,10,k,0.6,68,24,27,1,180,0,31,119
1281,1,o,10,k,0.6,62,16,39,1,205,0,68,9
1282,1,o,10,k,0.6,103,5,12,3,260,0,24,32
1283,1,o,10,k,0.6,24,3,32,1,154,0,5,3
1284,1,o,10,k,0.6,100,53,120,15,362,0,217,98
1285,1,o,10,k,0.6,51,28,1,0,277,0,3,6
1286,1,o,10,k,0.6,2,4,6,0,20,0,11,4
1287,1,o,10,k,0.6,110,54,121,4,303,0,238,94
1288,1,o,10,k,0.6,176,53,90,8,483,0,127,263
1289,1,o,10,k,0.6,78,3,5,1,208,0,10,18
1290,1,o,10,k,0.6,145,13,120,4,410,0,165,70
1291,1,o,10,k,0.6,135,20,82,1,239,0,153,83
1292,1,o,10,k,0.6,46,15,22,1,189,0,25,26
1293,1,o,10,k,0.6,40,32,26,2,256,0,25,16
1294,1,o,10,k,0.6,46,29,110,6,224,0,106,88
1295,1,o,10,k,0.6,81,16,10,0,247,0,12,53
1296,1,o,10,k,0.6,86,35,21,1,347,0,17,46
1297,1,o,10,k,0.6,80,10,18,1,148,0,36,50
1298,1,o,10,k,0.6,106,10,9,1,189,0,39,65
1299,1,o,10,k,0.6,33,5,2,1,85,0,4,29
1300,1,o,10,k,0.6,105,45,56,3,295,0,114,152
1301,1,o,10,k,0.6,128,19,50,5,239,0,64,142
1302,1,o,10,k,0.6,170,86,81,5,295,0,173,300
1303,1,o,10,k,0.6,104,34,38,1,206,0,72,105
1304,1,o,10,k,0.6,73,34,2,0,348,0,12,4
1305,1,o,10,k,0.6,85,24,12,1,111,0,16,190
1306,1,o,10,k,0.6,70,24,41,2,282,0,61,34
1307,1,o,10,k,0.6,13,3,102,1,164,0,24,76
1308,1,o,10,k,0.6,80,29,58,2,253,0,94,84
1309,1,o,10,k,0.6,146,26,112,4,251,0,190,108
1310,1,o,10,k,0.6,61,7,9,1,167,0,14,17
1311,1,o,10,k,0.6,1,2,8,1,4,0,16,2
1312,1,o,10,k,0.6,58,10,6,1,209,0,9,10
1313,1,o,10,k,0.6,75,26,9,0,332,0,14,4
1314,1,o,10,k,0.6,76,63,167,5,201,0,382,68
1315,1,o,10,k,0.6,82,46,90,2,365,0,184,44
1316,1,o,10,k,0.6,114,18,13,0,370,0,27,12
1317,1,o,10,k,0.6,159,42,10,2,249,0,17,325
1318,1,o,10,k,0.6,47,53,50,1,262,0,78,110
1319,1,o,10,k,0.6,29,2,1,1,93,0,3,2
1320,1,o,10,k,0.6,128,68,102,4,300,0,242,177
1321,1,o,10,k,0.6,176,47,89,3,263,0,114,354
1322,1,o,10,k,0.6,38,26,29,2,122,0,45,79
1323,1,o,10,k,0.6,370,74,155,4,283,0,188,1040
1324,1,o,10,k,0.6,132,61,140,2,158,0,276,158
1325,1,o,10,k,0.6,50,11,7,0,148,0,16,22
1326,1,o,10,k,0.6,58,37,2,1,330,0,8,10
1327,1,o,10,k,0.6,85,50,100,2,300,0,175,65
1328,1,o,10,k,0.6,6,2,118,1,233,0,48,5
1329,1,o,10,k,0.6,85,7,16,4,179,0,37,52
1330,1,o,10,k,0.6,104,58,80,2,270,0,99,296
1331,1,o,10,k,0.6,43,30,7,1,230,0,11,13
1332,1,o,10,k,0.6,98,16,4,1,291,0,6,52
1333,1,o,10,k,0.6,125,33,10,2,141,0,20,305
1334,1,o,10,k,0.6,220,42,53,3,246,0,89,362
1335,1,o,10,k,0.6,109,97,102,5,372,0,288,127
1336,1,o,10,k,0.6,8,2,86,1,173,0,26,13
1337,1,o,10,k,0.6,224,68,62,3,320,0,86,380
1338,1,o,10,k,0.6,43,29,7,2,233,0,9,19
1339,1,o,10,k,0.6,170,60,178,13,220,0,330,380
1340,1,o,10,k,0.6,40,11,7,1,134,0,11,24
1341,1,o,10,k,0.6,64,20,5,0,252,0,10,14
1342,1,o,10,k,0.6,12,6,458,3,282,0,323,340
1343,1,o,10,k,0.6,145,55,68,10,147,0,150,250
1344,1,o,10,k,0.6,272,100,114,6,205,0,156,970
1345,1,o,10,k,0.6,60,16,5,1,190,0,10,9
1346,1,o,10,k,0.6,82,12,3,0,270,0,8,5
1347,1,o,10,k,0.6,16,4,47,1,148,0,8,29
1348,1,o,10,k,0.6,98,33,24,30,196,0,48,107
1349,1,o,10,k,0.6,124,21,41,1,269,0,76,103
1350,1,o,10,k,0.6,135,37,199,3,366,0,332,77
1351,1,o,10,k,0.6,119,48,28,1,201,0,50,302
1352,1,o,10,k,0.6,90,25,90,0,315,0,135,17
1353,1,o,10,k,0.6,90,43,17,2,227,0,26,203
1354,1,o,10,k,0.6,45,36,4,0,310,0,11,2
1355,1,o,10,k,0.6,46,14,97,12,192,0,147,8
1356,1,o,10,k,0.6,12,13,16,8,68,0,20,16
1357,1,o,10,k,0.6,55,20,3,0,234,0,4,38
1358,1,o,10,k,0.6,64,22,95,2,314,0,102,33
1359,1,o,10,k,0.6,61,20,36,1,217,0,46,59
1360,1,o,10,k,0.6,60,38,45,1,178,0,140,36
1361,1,o,10,k,0.6,220,48,87,4,300,0,153,358
1362,1,o,10,k,0.6,70,4,3,1,208,0,3,8
1363,1,o,10,k,0.6,49,11,55,3,189,0,75,39
1364,1,o,10,k,0.6,187,55,62,5,354,0,84,352
1365,1,o,10,k,0.6,62,19,22,2,260,0,30,17
1366,1,o,10,k,0.6,138,55,107,3,225,0,133,342
1367,1,o,10,k,0.6,34,16,5,1,160,0,7,1
1368,1,o,10,k,0.6,112,55,52,5,316,0,61,202
1369,1,o,10,k,0.6,100,68,3,1,298,0,8,224
1370,1,o,10,k,0.6,137,57,119,3,197,0,177,336
1371,1,o,10,k,0.6,57,44,2,1,370,0,4,7
1372,1,o,10,k,0.6,133,21,13,1,122,0,20,300
1373,1,o,10,k,0.6,49,11,4,1,190,0,5,20
1374,1,o,10,k,0.6,217,51,13,2,294,0,11,484
1375,1,o,10,k,0.6,55,11,22,1,197,0,33,1
1376,1,o,10,k,0.6,156,47,147,5,275,0,286,155
1377,1,o,10,k,0.6,72,59,324,12,384,0,552,47
1378,1,o,10,k,0.6,228,59,67,6,367,0,104,395
1379,1,o,10,k,0.6,60,36,25,1,281,0,35,6
1380,1,o,10,k,0.6,131,23,13,1,265,0,19,218
1381,1,o,10,k,0.6,109,7,27,1,235,0,39,32
1382,1,o,10,k,0.6,100,52,2,0,384,0,10,101
1383,1,o,10,k,0.6,109,60,41,3,544,0,94,47
1384,1,o,10,k,0.6,87,47,130,6,426,0,204,38
1385,1,o,10,k,0.6,218,61,89,5,415,0,156,321
1386,1,o,10,k,0.6,90,18,45,1,250,0,65,60
1387,1,o,10,k,0.6,162,30,158,49,350,0,199,285
1388,1,o,10,k,0.6,60,10,7,1,202,0,8,10
1389,1,o,10,k,0.6,180,60,85,5,260,0,190,350
1390,1,o,10,k,0.6,93,23,155,0,135,0,220,81
1391,1,o,10,k,0.6,70,0,5,1,190,0,9,15
1392,1,o,10,k,0.6,65,5,8,0,176,0,17,20
1393,1,o,10,k,0.6,144,54,225,8,283,0,490,42
1394,1,o,10,k,0.6,78,15,4,0,269,0,8,15
1395,1,o,10,k,0.6,79,17,5,0,258,0,7,48
1396,1,o,10,k,0.6,74,11,4,1,147,0,8,81
1397,1,o,10,k,0.6,114,51,95,4,185,0,150,308
1398,1,o,10,k,0.6,9,2,250,1,182,0,176,119
1399,1,o,10,k,0.6,45,51,38,6,372,0,43,35
1400,1,o,10,k,0.6,56,13,16,5,155,0,28,40
1401,1,o,10,k,0.6,110,60,244,8,219,0,470,128
1402,1,o,10,k,0.6,76,25,1,0,332,0,2,11
1403,1,o,10,k,0.6,69,73,148,6,194,0,224,296
1404,1,o,10,k,0.6,152,31,2,0,141,0,9,260
1405,1,o,10,k,0.6,70,10,13,0,214,0,20,24
1406,1,o,10,k,0.6,140,32,11,1,369,0,21,129
1407,1,o,10,k,0.6,62,24,31,1,161,0,20,103
1408,1,o,10,k,0.6,44,4,7,0,126,0,15,5
1409,1,o,10,k,0.6,78,23,23,5,194,0,33,30
1410,1,o,10,k,0.6,55,14,3,0,142,0,11,48
1411,1,o,10,k,0.6,90,40,48,2,449,0,84,18
1412,1,o,10,k,0.6,146,27,15,8,209,0,19,334
1413,1,o,10,k,0.6,52,36,5,0,274,0,18,10
1414,1,o,10,k,0.6,40,11,7,4,143,0,10,15
1415,1,o,10,k,0.6,50,36,346,7,229,0,429,202
1416,1,o,10,k,0.6,129,28,5,1,295,0,10,164
1417,1,o,10,k,0.6,65,45,47,3,211,0,96,116
1418,1,o,10,k,0.6,111,46,60,2,244,0,94,201
1419,1,o,10,k,0.6,91,44,34,2,196,0,83,168
1420,1,o,10,k,0.6,99,44,12,10,448,0,22,76
1421,1,o,10,k,0.6,48,22,85,5,81,0,112,82
1422,1,o,10,k,0.6,35,14,19,11,169,0,33,29
1423,1,o,10,k,0.6,102,8,18,3,281,0,22,20
1424,1,o,10,k,0.6,64,15,15,8,266,0,14,12
1425,1,o,10,k,0.6,4,2,5,0,10,0,10,5
1426,1,o,10,k,0.6,50,23,14,1,245,0,20,15
1427,1,o,10,k,0.6,104,45,13,2,276,0,20,183
1428,1,o,10,k,0.6,48,48,139,5,299,0,120,135
1429,1,o,10,k,0.6,64,5,5,1,151,0,12,28
1430,1,o,10,k,0.6,69,29,11,1,262,0,18,35
1431,1,o,10,k,0.6,80,22,9,0,262,0,20,46
1432,1,o,10,k,0.6,84,22,71,2,227,0,129,50
1433,1,o,10,k,0.6,68,40,106,4,310,0,168,27
1434,1,o,10,k,0.6,69,6,11,1,187,0,18,16
1435,1,o,10,k,0.6,69,25,17,1,251,0,36,28
1436,1,o,10,k,0.6,17,74,274,8,282,0,368,220
1437,1,o,10,k,0.6,140,4,12,1,308,0,19,47
1438,1,o,10,k,0.6,38,38,40,2,135,0,86,102
1439,1,o,10,k,0.6,109,34,17,1,227,0,29,180
1440,1,o,10,k,0.6,167,18,8,5,318,0,21,78
1441,1,o,10,k,0.6,41,25,44,1,161,0,50,54
1442,1,o,10,k,0.6,58,20,8,0,226,0,16,18
1443,1,o,10,k,0.6,80,10,17,0,240,0,25,15
1444,1,o,10,k,0.6,115,22,8,1,211,0,13,173
1445,1,o,10,k,0.6,38,45,42,2,200,0,95,38
1446,1,o,10,k,0.6,63,9,13,1,202,0,19,8
1447,1,o,10,k,0.6,17,59,14,1,270,0,19,20
1448,1,o,10,k,0.6,112,20,19,4,123,0,35,215
1449,1,o,10,k,0.6,58,30,29,1,137,0,46,106
1450,1,o,10,k,0.6,142,22,228,6,281,0,436,22
1451,1,o,10,k,0.6,51,31,41,1,223,0,78,31
1452,1,o,10,k,0.6,190,56,149,39,425,0,225,320
1453,1,o,10,k,0.6,172,100,14,5,360,0,19,480
1454,1,o,10,k,0.6,119,38,134,4,173,0,175,248
1455,1,o,10,k,0.6,39,38,130,53,139,0,174,61
1456,1,o,10,k,0.6,49,7,2,0,110,0,7,14
1457,1,o,10,k,0.6,141,59,12,1,246,0,41,290
1458,1,o,10,k,0.6,117,18,12,1,152,0,12,219
1459,1,o,10,k,0.6,138,44,33,4,237,0,147,165
1460,1,o,10,k,0.6,3,2,5,1,11,0,11,4
1461,1,o,10,k,0.6,117,15,11,0,278,0,19,97
1462,1,o,10,k,0.6,102,42,43,2,394,0,35,123
1463,1,o,10,k,0.6,49,22,20,0,169,0,35,34
1464,1,o,10,k,0.6,48,12,106,3,91,0,165,60
1465,1,o,10,k,0.6,102,36,141,5,170,0,240,244
1466,1,o,10,k,0.6,194,80,86,3,212,0,130,624
1467,1,o,10,k,0.6,137,28,13,2,254,0,17,206
1468,1,o,10,k,0.6,182,30,51,2,267,0,79,267
1469,1,o,10,k,0.6,222,61,132,2,213,0,141,586
1470,1,o,10,k,0.6,136,35,88,10,281,0,149,93
1471,1,o,10,k,0.6,97,7,31,1,265,0,44,38
1472,1,o,10,k,0.6,5,4,7,2,27,0,13,3
1473,1,o,10,k,0.6,86,9,7,0,221,0,20,34
1474,1,o,10,k,0.6,104,52,3,0,384,0,5,131
1475,1,o,10,k,0.6,112,7,4,0,338,0,13,3
1476,1,o,10,k,0.6,97,32,14,2,244,0,18,165
1477,1,o,10,k,0.6,72,30,111,3,209,0,217,37
1478,1,o,10,k,0.6,75,23,12,1,258,0,26,38
1479,1,o,10,k,0.6,146,92,124,3,739,0,110,209
1480,1,o,10,k,0.6,74,19,7,1,203,0,14,95
1481,1,o,10,k,0.6,109,13,30,1,284,0,48,38
1482,1,o,10,k,0.6,70,10,2,1,234,0,4,17
1483,1,o,10,k,0.6,104,19,13,5,258,0,56,35
1484,1,o,10,k,0.6,51,17,15,1,170,0,36,34
1485,1,o,10,k,0.6,130,15,16,0,356,0,23,58
1486,1,o,10,k,0.6,114,13,4,0,262,0,7,61
1487,1,o,10,k,0.6,84,29,15,1,272,0,32,69
1488,1,o,10,k,0.6,105,61,5,1,488,0,99,8
1489,1,o,10,k,0.6,103,40,28,31,221,0,75,132
1490,1,o,10,k,0.6,140,18,223,4,270,0,424,15
1491,1,o,10,k,0.6,92,6,5,2,247,0,12,12
1492,1,o,10,k,0.6,99,49,55,2,522,0,85,3
1493,1,o,10,k,0.6,4,1,8,0,3,0,16,5
1494,1,o,10,k,0.6,121,52,36,2,390,0,47,151
1495,1,o,10,k,0.6,139,79,43,3,503,0,101,161
1496,1,o,10,k,0.6,120,72,35,6,361,0,139,85
1497,1,o,10,k,0.6,96,8,14,0,253,0,34,12
1498,1,o,10,k,0.6,43,11,3,2,180,0,3,2
1499,1,o,10,k,0.6,38,16,5,0,162,0,8,9
1500,1,o,10,k,0.6,61,10,3,1,224,0,7,2
1501,1,o,10,k,0.6,89,29,24,4,182,0,47,130
1502,1,o,10,k,0.6,92,12,29,1,266,0,30,31
1503,1,o,10,k,0.6,77,19,13,1,216,0,25,60
1504,1,o,10,k,0.6,79,11,3,2,160,0,17,87
1505,1,o,10,k,0.6,126,33,13,2,199,0,27,243
1506,1,o,10,k,0.6,247,117,24,7,255,0,35,888
1507,1,o,10,k,0.6,240,15,31,0,175,0,82,40
1508,1,o,10,k,0.6,52,13,39,2,225,0,33,26
1509,1,o,10,k,0.6,52,17,28,1,204,0,23,45
1510,1,o,10,k,0.6,43,6,7,1,135,0,14,15
1511,1,o,10,k,0.6,70,49,17,1,225,0,24,166
1512,1,o,10,k,0.6,38,22,62,4,197,0,73,20
1513,1,o,10,k,0.6,31,20,2,0,162,0,3,10
1514,1,o,10,k,0.6,73,25,2,1,310,0,3,17
1515,1,o,10,k,0.6,43,3,3,0,129,0,7,1
1516,1,o,10,k,0.6,100,19,11,0,288,0,20,67
1517,1,o,10,k,0.6,67,35,104,3,318,0,148,22
1518,1,o,10,k,0.6,60,31,8,0,282,0,14,20
1519,1,o,10,k,0.6,18,1,15,17,80,0,3,25
1520,1,o,10,k,0.6,104,4,5,1,252,0,11,33
1521,1,o,10,k,0.6,127,36,13,0,119,0,22,177
1522,1,o,10,k,0.6,85,12,4,0,194,0,13,33
1523,1,o,10,k,0.6,69,55,32,2,202,0,51,185
1524,1,o,10,k,0.6,72,37,42,1,318,0,55,6
1525,1,o,10,k,0.6,146,21,136,3,283,0,331,53
1526,1,o,10,k,0.6,336,57,8,1,229,0,12,784
1527,1,o,10,k,0.6,118,36,49,2,358,0,105,97
1528,1,o,10,k,0.6,218,71,216,5,427,0,553,270
1529,1,o,10,k,0.6,58,30,16,1,175,0,37,107
1530,1,o,10,k,0.6,79,29,44,3,243,0,94,58
1531,1,o,10,k,0.6,107,29,12,0,201,0,118,23
1532,1,o,10,k,0.6,94,6,7,1,309,0,8,2
1533,1,o,10,k,0.6,35,7,17,0,120,0,27,4
1534,1,o,10,k,0.6,13,7,6,0,36,0,6,30
1535,1,o,10,k,0.6,85,40,51,2,189,0,108,186
1536,1,o,10,k,0.6,55,35,61,3,170,0,177,36
1537,1,o,10,k,0.6,51,22,3,0,200,0,16,15
1538,1,o,10,k,0.6,104,6,16,8,255,0,40,2
1539,1,o,10,k,0.6,90,25,130,4,185,0,250,60
1540,1,o,10,k,0.6,54,14,8,0,175,0,11,31
1541,1,o,10,k,0.6,64,18,100,3,142,0,112,165
1542,1,o,10,k,0.6,155,47,7,1,155,0,4,412
1543,1,o,10,k,0.6,109,64,219,9,307,0,448,42
1544,1,o,10,k,0.6,3,2,13,0,10,0,22,3
1545,1,o,10,k,0.6,57,27,9,1,139,0,19,115
1546,1,o,10,k,0.6,61,32,5,1,160,0,2,145
1547,1,o,10,k,0.6,69,24,3,0,297,0,9,10
1548,1,o,10,k,0.6,79,23,8,2,330,0,17,24
1549,1,o,10,k,0.6,6,2,7,0,1,0,13,18
1550,1,o,10,k,0.6,50,2,4,0,143,0,10,2
1551,1,o,10,k,0.6,137,18,8,0,450,0,15,16
1552,1,o,10,k,0.6,141,27,101,16,256,0,168,119
1553,1,o,10,k,0.6,95,27,17,1,340,0,40,31
1554,1,o,10,k,0.6,104,60,105,4,482,0,157,64
1555,1,o,10,k,0.6,49,71,240,7,247,0,330,211
1556,1,o,10,k,0.6,72,33,6,1,271,0,17,62
1557,1,o,10,k,0.6,89,3,11,0,215,0,16,25
1558,1,o,10,k,0.6,238,30,11,6,133,0,34,488
1559,1,o,10,k,0.6,48,20,5,2,228,0,9,7
1560,1,o,10,k,0.6,62,30,18,3,251,0,48,15
1561,1,o,10,k,0.6,29,5,2,1,110,0,1,3
1562,1,o,10,k,0.6,32,7,23,2,83,0,48,7
1563,1,o,10,k,0.6,99,58,19,4,149,0,50,266
1564,1,o,10,k,0.6,72,12,37,7,174,0,87,23
1565,1,o,10,k,0.6,73,21,9,0,242,0,16,43
1566,1,o,10,k,0.6,69,30,54,3,228,0,52,77
1567,1,o,10,k,0.6,92,20,28,3,166,0,36,181
1568,1,o,10,k,0.6,69,28,37,3,244,0,43,71
1569,1,o,10,k,0.6,57,23,33,1,260,0,55,18
1570,1,o,10,k,0.6,222,33,60,1,235,0,61,424
1571,1,o,10,k,0.6,192,47,89,25,232,0,90,470
1572,1,o,10,k,0.6,47,13,52,2,142,0,65,60
1573,1,o,10,k,0.6,112,15,8,6,251,0,62,41
1574,1,o,10,k,0.6,145,36,86,2,300,0,128,174
1575,1,o,10,k,0.6,25,10,9,5,75,0,12,27
1576,1,o,10,k,0.6,15,4,13,2,85,0,12,5
1577,1,o,10,k,0.6,150,26,126,2,259,0,310,54
1578,1,o,10,k,0.6,69,50,1,1,418,0,5,14
1579,1,o,10,k,0.6,8,18,14,3,20,0,25,11
1580,1,o,10,k,0.6,60,39,16,1,219,0,34,93
1581,1,o,10,k,0.6,49,25,9,5,222,0,17,5
1582,1,o,10,k,0.6,140,60,7,3,170,0,4,448
1583,1,o,10,k,0.6,208,38,47,8,244,0,139,163
1584,1,o,10,k,0.6,147,63,80,4,422,0,147,164
1585,1,o,10,k,0.6,55,12,16,3,160,0,33,20
1586,1,o,10,k,0.6,80,10,18,1,191,0,23,51
1587,1,o,10,k,0.6,83,42,128,5,357,0,200,78
1588,1,o,10,k,0.6,106,49,279,9,186,0,432,262
1589,1,o,10,k,0.6,107,28,26,2,185,0,44,198
1590,1,o,10,k,0.6,155,40,18,0,400,0,40,145
1591,1,o,10,k,0.6,73,13,16,5,243,0,28,10
1592,1,o,10,k,0.6,58,31,117,4,126,0,252,34
1593,1,o,10,k,0.6,119,42,173,9,221,0,257,177
1594,1,o,10,k,0.6,72,7,90,1,170,0,130,23
1595,1,o,10,k,0.6,76,51,13,2,245,0,27,181
1596,1,o,10,k,0.6,151,69,26,1,187,0,96,109
1597,1,o,10,k,0.6,97,29,66,3,335,0,107,44
1598,1,o,10,k,0.6,196,81,122,5,336,0,214,391
1599,1,o,10,k,0.6,202,89,119,6,183,0,206,632
1600,1,o,10,k,0.6,82,8,10,0,247,0,14,16
1601,1,o,10,k,0.6,57,36,51,4,187,0,106,114
1602,1,o,10,k,0.6,121,58,281,6,169,0,524,128
1603,1,o,10,k,0.6,75,50,3,1,326,0,7,91
1604,1,o,10,k,0.6,128,36,53,3,284,0,80,152
1605,1,o,10,k,0.6,104,13,11,0,345,0,20,4
1606,1,o,10,k,0.6,107,14,17,0,299,0,26,31
1607,1,o,10,k,0.6,200,83,27,2,193,0,41,624
1608,1,o,10,k,0.6,85,43,122,5,229,0,193,142
1609,1,o,10,k,0.6,114,61,300,6,272,0,531,138
1610,1,o,10,k,0.6,88,25,8,0,290,0,17,56
1611,1,o,10,k,0.6,75,32,98,3,255,0,146,86
1612,1,o,10,k,0.6,99,60,134,5,183,0,142,384
1613,1,o,10,k,0.6,348,93,56,3,190,0,95,948
1614,1,o,10,k,0.6,96,44,84,2,397,0,100,117
1615,1,o,10,k,0.6,119,46,20,1,265,0,38,202
1616,1,o,10,k,0.6,90,30,30,1,225,0,60,125
1617,1,o,10,k,0.6,64,14,11,1,181,0,10,52
1618,1,o,10,k,0.6,53,18,11,1,227,0,19,5
1619,1,o,10,k,0.6,108,22,120,5,300,0,193,50
1620,1,o,10,k,0.6,106,33,93,17,303,0,145,46
1621,1,o,10,k,0.6,47,21,10,1,219,0,15,17
1622,1,o,10,k,0.6,50,57,80,6,62,0,188,178
1623,1,o,10,k,0.6,202,47,93,3,248,0,127,325
1624,1,o,10,k,0.6,72,33,1,1,340,0,9,17
1625,1,o,10,k,0.6,120,54,87,2,275,0,106,266
1626,1,o,10,k,0.6,71,19,63,7,25,0,85,85
1627,1,o,10,k,0.6,144,34,110,8,209,0,192,207
1628,1,o,10,k,0.6,89,6,33,0,195,0,84,17
1629,1,o,10,k,0.6,16,8,1,1,80,0,3,3
1630,1,o,10,k,0.6,87,20,20,2,272,0,31,30
1631,1,o,10,k,0.6,60,19,24,1,23,0,83,67
1632,1,o,10,k,0.6,97,49,4,1,227,0,1,230
1633,1,o,10,k,0.6,57,11,14,2,235,0,14,12
1634,1,o,10,k,0.6,50,24,38,3,182,0,58,55
1635,1,o,10,k,0.6,24,9,47,5,171,0,39,3
1636,1,o,10,k,0.6,2,2,7,1,5,0,15,2
1637,1,o,10,k,0.6,290,84,54,4,291,0,158,687
1638,1,o,10,k,0.6,90,47,100,2,449,0,116,48
1639,1,o,10,k,0.6,96,27,54,4,324,0,77,26
1640,1,o,10,k,0.6,18,2,1,0,53,0,1,9
1641,1,o,10,k,0.6,60,8,9,2,209,0,4,1
1642,1,o,10,k,0.6,60,56,61,2,201,0,207,41
1643,1,o,10,k,0.6,85,33,34,6,256,0,69,117
1644,1,o,10,k,0.6,57,33,11,1,247,0,23,69
1645,1,o,10,k,0.6,276,128,68,3,317,0,86,870
1646,1,o,10,k,0.6,61,40,88,11,92,0,134,220
1647,1,o,10,k,0.6,108,5,4,0,303,0,9,13
1648,1,o,10,k,0.6,98,27,12,0,149,0,28,40
1649,1,o,10,k,0.6,162,35,64,6,293,0,80,255
1650,1,o,10,k,0.6,80,44,131,4,392,0,209,25
1651,1,o,10,k,0.6,57,8,3,0,183,0,6,8
1652,1,o,10,k,0.6,41,19,90,17,203,0,125,19
1653,1,o,10,k,0.6,7,1,10,0,15,0,17,5
1654,1,o,10,k,0.6,197,64,81,4,306,0,150,402
1655,1,o,10,k,0.6,103,14,3,0,290,0,1,59
1656,1,o,10,k,0.6,87,63,9,6,340,0,14,193
1657,1,o,10,k,0.6,89,29,10,2,290,0,20,108
1658,1,o,10,k,0.6,57,5,8,1,166,0,15,16
1659,1,o,10,k,0.6,69,6,4,0,199,0,7,19
1660,1,o,10,k,0.6,105,39,28,4,309,0,44,144
1661,1,o,10,k,0.6,59,17,41,5,201,0,49,74
1662,1,o,10,k,0.6,62,14,2,1,229,0,5,9
1663,1,o,10,k,0.6,78,15,12,0,210,0,25,41
1664,1,o,10,k,0.6,51,12,1,0,215,0,2,3
1665,1,o,10,k,0.6,74,35,90,7,302,0,136,20
1666,1,o,10,k,0.6,108,39,207,32,225,0,330,174
1667,1,o,10,k,0.6,120,26,35,2,230,0,40,151
1668,1,o,10,k,0.6,51,18,2,1,207,0,6,30
1669,1,o,10,k,0.6,87,8,48,3,214,0,91,36
1670,1,o,10,k,0.6,52,18,20,2,248,0,19,17
1671,1,o,10,k,0.6,190,90,75,4,260,0,55,630
1672,1,o,10,k,0.6,61,23,1,1,293,0,3,18
1673,1,o,10,k,0.6,128,30,264,4,261,0,455,126
1674,1,o,10,k,0.6,105,34,76,4,197,0,174,90
1675,1,o,10,k,0.6,304,100,92,1,269,0,460,220
1676,1,o,10,k,0.6,161,31,45,3,241,0,123,65
1677,1,o,10,k,0.6,70,30,80,7,267,0,152,20
1678,1,o,10,k,0.6,70,41,114,3,358,0,159,17
1679,1,o,10,k,0.6,76,54,27,2,292,0,33,151
1680,1,o,10,k,0.6,160,34,21,18,367,0,48,143
1681,1,o,10,k,0.6,97,44,20,0,284,0,134,10
1682,1,o,10,k,0.6,60,13,9,1,219,0,16,1
1683,1,o,10,k,0.6,50,32,35,3,257,0,53,25
1684,1,o,10,k,0.6,230,47,144,4,364,0,348,230
1685,1,o,10,k,0.6,106,52,31,1,239,0,132,93
1686,1,o,10,k,0.6,79,29,6,1,354,0,10,5
1687,1,o,10,k,0.6,53,26,6,1,269,0,10,1
1688,1,o,10,k,0.6,112,56,46,6,230,0,111,149
1689,1,o,10,k,0.6,111,18,140,2,259,0,205,92
1690,1,o,10,k,0.6,110,63,30,3,436,0,25,170
1691,1,o,10,k,0.6,86,27,45,2,228,0,79,95
1692,1,o,10,k,0.6,26,19,1,0,150,0,3,8
1693,1,o,10,k,0.6,106,46,111,3,198,0,167,220
1694,1,o,10,k,0.6,82,31,19,1,249,0,89,10
1695,1,o,10,k,0.6,77,20,11,1,94,0,25,187
1696,1,o,10,k,0.6,86,2,10,1,215,0,17,1
1697,1,o,10,k,0.6,109,45,42,22,257,0,79,170
1698,1,o,10,k,0.6,46,39,96,5,204,0,166,56
1699,1,o,10,k,0.6,17,3,3,1,52,0,3,18
1700,1,o,10,k,0.6,2,2,12,6,22,0,18,1
1701,1,o,10,k,0.6,79,28,22,1,276,0,39,27
1702,1,o,10,k,0.6,119,17,42,2,330,0,76,65
1703,1,o,10,k,0.6,149,20,3,1,286,0,6,232
1704,1,o,10,k,0.6,64,37,39,6,304,0,51,68
1705,1,o,10,k,0.6,63,48,5,1,243,0,15,134
1706,1,o,10,k,0.6,63,29,21,4,240,0,15,95
1707,1,o,10,k,0.6,80,11,11,0,266,0,10,10
1708,1,o,10,k,0.6,68,14,4,1,255,0,5,4
1709,1,o,10,k,0.6,107,63,328,3,204,0,650,110
1710,1,o,10,k,0.6,46,22,113,3,402,0,78,20
1711,1,o,10,k,0.6,175,45,93,6,277,0,179,199
1712,1,o,10,k,0.6,73,40,3,1,187,0,2,171
1713,1,o,10,k,0.6,19,7,64,7,177,0,39,15
1714,1,o,10,k,0.6,88,13,9,0,213,0,14,70
1715,1,o,10,k,0.6,191,40,81,6,451,0,113,182
1716,1,o,10,k,0.6,126,26,229,2,290,0,383,118
1717,1,o,10,k,0.6,78,31,90,4,315,0,130,33
1718,1,o,10,k,0.6,105,28,40,1,277,0,65,128
1719,1,o,10,k,0.6,84,52,55,3,247,0,98,197
1720,1,o,10,k,0.6,30,27,4,0,166,0,10,21
1721,1,o,10,k,0.6,54,9,11,3,160,0,22,31
1722,1,o,10,k,0.6,78,11,15,1,185,0,23,75
1723,1,o,10,k,0.6,85,6,6,3,161,0,13,82
1724,1,o,10,k,0.6,43,19,68,2,225,0,61,40
1725,1,o,10,k,0.6,200,50,77,5,296,0,140,337
1726,1,o,10,k,0.6,120,52,87,2,256,0,102,295
1727,1,o,10,k,0.6,89,7,12,2,264,0,21,11
1728,1,o,10,k,0.6,395,136,19,2,278,0,54,1225
1729,1,o,10,k,0.6,88,35,16,1,146,0,27,214
1730,1,o,10,k,0.6,65,12,103,2,161,0,150,64
1731,1,o,10,k,0.6,41,33,80,4,396,0,29,35
1732,1,o,10,k,0.6,94,10,6,0,302,0,15,3
1733,1,o,10,k,0.6,39,25,7,1,195,0,11,27
1734,1,o,10,k,0.6,86,37,91,14,262,0,168,30
1735,1,o,10,k,0.6,114,55,173,18,179,0,268,205
1736,1,o,10,k,0.6,48,31,3,1,272,0,9,10
1737,1,o,10,k,0.6,153,17,43,19,189,0,82,243
1738,1,o,10,k,0.6,5,2,4,0,11,0,6,13
1739,1,o,10,k,0.6,195,42,113,6,219,0,267,192
1740,1,o,10,k,0.6,91,31,76,1,230,0,118,133
1741,1,o,10,k,0.6,106,25,36,1,296,0,27,181
1742,1,o,10,k,0.6,61,27,12,3,139,0,26,107
1743,1,o,10,k,0.6,67,7,6,0,203,0,11,13
1744,1,o,10,k,0.6,160,36,136,4,290,0,173,240
1745,1,o,10,k,0.6,101,54,130,3,235,0,211,170
1746,1,o,10,k,0.6,123,26,65,4,293,0,106,27
1747,1,o,10,k,0.6,168,75,73,5,265,0,67,516
1748,1,o,10,k,0.6,52,25,59,2,257,0,75,34
1749,1,o,10,k,0.6,103,29,16,1,221,0,42,124
1750,1,o,10,k,0.6,49,3,3,0,125,0,8,8
1751,1,o,10,k,0.6,98,32,10,7,346,0,12,78
1752,1,o,10,k,0.6,119,42,17,3,217,0,50,145
1753,1,o,10,k,0.6,36,22,40,4,222,0,45,19
1754,1,o,10,k,0.6,134,17,76,1,282,0,180,30
1755,1,o,10,k,0.6,128,32,243,2,286,0,375,150
1756,1,o,10,k,0.6,73,11,8,1,275,0,13,8
1757,1,o,10,k,0.6,63,15,6,0,207,0,22,18
1758,1,o,10,k,0.6,88,64,212,4,272,0,410,75
1759,1,o,10,k,0.6,62,36,106,5,392,0,153,55
1760,1,o,10,k,0.6,111,42,35,7,253,0,54,151
1761,1,o,10,k,0.6,65,44,26,1,300,0,42,52
1762,1,o,10,k,0.6,132,92,234,5,283,0,433,288
1763,1,o,10,k,0.6,11,4,6,3,47,0,13,2
1764,1,o,10,k,0.6,21,7,54,4,44,0,103,8
1765,1,o,10,k,0.6,140,62,58,4,416,0,114,208
1766,1,o,10,k,0.6,63,36,68,3,220,0,105,89
1767,1,o,10,k,0.6,101,68,342,10,380,0,640,76
1768,1,o,10,k,0.6,10,4,6,0,34,0,2,23
1769,1,o,10,k,0.6,70,47,46,4,211,0,68,149
1770,1,o,10,k,0.6,236,25,13,1,213,0,29,453
1771,1,o,10,k,0.6,90,31,12,3,313,0,39,35
1772,1,o,10,k,0.6,25,41,6,1,216,0,8,18
1773,1,o,10,k,0.6,90,31,5,1,261,0,10,112
1774,1,o,10,k,0.6,101,37,13,1,194,0,23,203
1775,1,o,10,k,0.6,44,34,14,2,246,0,22,21
1776,1,o,10,k,0.6,80,24,16,2,193,0,25,104
1777,1,o,10,k,0.6,67,29,19,1,325,0,11,26
1778,1,o,10,k,0.6,49,15,48,1,188,0,75,12
1779,1,o,10,k,0.6,99,10,55,2,135,0,120,35
1780,1,o,10,k,0.6,45,26,3,1,241,0,3,13
1781,1,o,10,k,0.6,12,10,45,3,21,0,101,9
1782,1,o,10,k,0.6,65,5,7,0,186,0,14,13
1783,1,o,10,k,0.6,153,30,99,3,257,0,167,155
1784,1,o,10,k,0.6,44,18,1,0,129,0,2,72
1785,1,o,10,k,0.6,5,1,110,1,208,0,23,50
1786,1,o,10,k,0.6,53,19,25,1,196,0,37,31
1787,1,o,10,k,0.6,155,107,96,6,96,0,169,588
1788,1,o,10,k,0.6,66,30,9,1,247,0,16,65
1789,1,o,10,k,0.6,53,29,185,6,117,0,356,29
1790,1,o,10,k,0.6,43,21,134,5,206,0,172,62
1791,1,o,10,k,0.6,62,6,5,1,193,0,12,3
1792,1,o,10,k,0.6,94,79,82,2,296,0,146,244
1793,1,o,10,k,0.6,100,27,18,4,350,0,38,29
1794,1,o,10,k,0.6,105,48,41,3,365,0,63,158
1795,1,o,10,k,0.6,67,47,2,1,414,0,6,21
1796,1,o,10,k,0.6,210,65,21,13,298,0,74,416
1797,1,o,10,k,0.6,103,62,313,7,224,0,568,123
1798,1,o,10,k,0.6,106,73,60,4,336,0,106,284
1799,1,o,10,k,0.6,49,15,19,1,205,0,18,19
1800,1,o,10,k,0.6,53,24,4,1,203,0,16,31
1801,1,o,10,k,0.6,87,11,41,2,248,0,63,20
1802,1,o,10,k,0.6,70,19,11,4,284,0,10,16
1803,1,o,10,k,0.6,88,12,17,1,270,0,24,34
1804,1,o,10,k,0.6,50,15,66,2,156,0,93,66
1805,1,o,10,k,0.6,49,51,45,4,273,0,71,77
1806,1,o,10,k,0.6,70,39,42,0,234,0,66,96
1807,1,o,10,k,0.6,113,34,36,9,363,0,55,96
1808,1,o,10,k,0.6,89,33,15,1,235,0,23,131
1809,1,o,10,k,0.6,91,22,28,3,143,0,55,201
1810,1,o,10,k,0.6,43,42,141,3,274,0,55,208
1811,1,o,10,k,0.6,21,12,12,4,110,0,15,6
1812,1,o,10,k,0.6,198,38,147,3,304,0,220,329
1813,1,o,10,k,0.6,79,29,4,0,354,0,10,4
1814,1,o,10,k,0.6,59,32,42,1,345,0,66,16
1815,1,o,10,k,0.6,64,16,8,0,224,0,15,10
1816,1,o,10,k,0.6,110,36,21,3,261,0,38,99
1817,1,o,10,k,0.6,50,20,2,0,215,0,3,15
1818,1,o,10,k,0.6,91,33,19,1,254,0,57,65
1819,1,o,10,k,0.6,104,55,277,7,230,0,440,205
1820,1,o,10,k,0.6,57,7,32,2,166,0,29,48
1821,1,o,10,k,0.6,81,44,187,12,276,0,221,210
1822,1,o,10,k,0.6,165,49,180,5,415,0,303,121
1823,1,o,10,k,0.6,58,15,10,3,170,0,10,33
1824,1,o,10,k,0.6,57,27,9,0,296,0,5,8
1825,1,o,10,k,0.6,1,2,3,0,3,0,7,2
1826,1,o,10,k,0.6,79,51,35,3,318,0,43,86
1827,1,o,10,k,0.6,108,58,93,4,537,0,127,59
1828,1,o,10,k,0.6,61,13,1,0,224,0,4,3
1829,1,o,10,k,0.6,194,22,39,22,346,0,34,296
1830,1,o,10,k,0.6,58,16,36,8,117,0,66,63
1831,1,o,10,k,0.6,94,38,37,12,384,0,70,53
1832,1,o,10,k,0.6,85,30,7,0,426,0,5,11
1833,1,o,10,k,0.6,53,17,53,2,123,0,28,171
1834,1,o,10,k,0.6,42,19,2,0,210,0,3,18
1835,1,o,10,k,0.6,150,55,85,3,340,0,130,275
1836,1,o,10,k,0.6,125,16,35,3,290,0,50,80
1837,1,o,10,k,0.6,47,13,56,2,150,0,80,70
1838,1,o,10,k,0.6,55,20,8,0,243,0,12,7
1839,1,o,10,k,0.6,65,33,94,4,226,0,135,86
1840,1,o,10,k,0.6,59,10,18,2,184,0,28,21
1841,1,o,10,k,0.6,73,10,2,1,246,0,4,1
1842,1,o,10,k,0.6,50,23,2,2,238,0,4,11
1843,1,o,10,k,0.6,118,31,43,1,332,0,74,86
1844,1,o,10,k,0.6,55,24,7,1,174,0,13,102
1845,1,o,10,k,0.6,118,16,26,1,267,0,50,73
1846,1,o,10,k,0.6,81,40,7,1,262,0,32,78
1847,1,o,10,k,0.6,78,16,6,0,178,0,10,91
1848,1,o,10,k,0.6,151,37,83,3,290,0,117,276
1849,1,o,10,k,0.6,65,20,11,1,240,0,25,25
1850,1,o,10,k,0.6,44,25,19,3,173,0,37,42
1851,1,o,10,k,0.6,176,75,48,3,179,0,117,532
1852,1,o,10,k,0.6,72,37,43,2,154,0,142,94
1853,1,o,10,k,0.6,73,31,31,1,247,0,48,79
1854,1,o,10,k,0.6,208,75,97,3,101,0,232,440
1855,1,o,10,k,0.6,139,53,24,2,271,0,59,230
1856,1,o,10,k,0.6,60,28,55,2,253,0,89,29
1857,1,o,10,k,0.6,110,38,106,6,286,0,166,143
1858,1,o,10,k,0.6,85,30,56,2,274,0,110,53
1859,1,o,10,k,0.6,50,38,4,0,300,0,6,23
1860,1,o,10,k,0.6,145,49,2,1,428,0,7,218
1861,1,o,10,k,0.6,88,54,192,7,187,0,458,83
1862,1,o,10,k,0.6,56,9,4,1,154,0,9,35
1863,1,o,10,k,0.6,154,32,111,0,252,0,197,170
1864,1,o,10,k,0.6,68,12,5,0,242,0,11,3
1865,1,o,10,k,0.6,1,2,12,0,3,0,20,4
1866,1,o,10,k,0.6,57,32,152,5,138,0,287,53
1867,1,o,10,k,0.6,89,7,5,1,219,0,8,48
1868,1,o,10,k,0.6,122,36,76,9,257,0,106,186
1869,1,o,10,k,0.6,77,10,10,0,250,0,15,10
1870,1,o,10,k,0.6,60,11,6,0,213,0,7,11
1871,1,o,10,k,0.6,59,11,25,4,180,0,37,1
1872,1,o,10,k,0.6,99,15,16,6,293,0,16,51
1873,1,o,10,k,0.6,62,20,4,0,241,0,9,17
1874,1,o,10,k,0.6,135,31,69,2,299,0,140,127
1875,1,o,10,k,0.6,65,23,8,2,265,0,12,17
1876,1,o,10,k,0.6,61,20,29,1,266,0,49,15
1877,1,o,10,k,0.6,40,6,1,1,122,0,2,17
1878,1,o,10,k,0.6,74,33,115,3,310,0,169,21
1879,1,o,10,k,0.6,43,66,57,11,286,0,81,148
1880,1,o,10,k,0.6,72,59,40,3,279,0,21,211
1881,1,o,10,k,0.6,107,45,38,1,289,0,79,116
1882,1,o,10,k,0.6,83,45,187,28,278,0,289,96
1883,1,o,10,k,0.6,100,10,8,0,286,0,13,26
1884,1,o,10,k,0.6,116,43,45,5,298,0,93,155
1885,1,o,10,k,0.6,1,6,15,1,15,0,23,8
1886,1,o,10,k,0.6,102,28,20,0,376,0,42,8
1887,1,o,10,k,0.6,185,65,35,4,290,0,45,410
1888,1,o,10,k,0.6,75,35,8,1,234,0,21,23
1889,1,o,10,k,0.6,93,19,13,5,243,0,18,92
1890,1,o,10,k,0.6,65,13,7,1,200,0,18,24
1891,1,o,10,k,0.6,50,13,15,9,14,0,68,31
1892,1,o,10,k,0.6,236,53,106,2,134,0,128,577
1893,1,o,10,k,0.6,53,17,74,10,290,0,71,45
1894,1,o,10,k,0.6,35,28,8,1,199,0,14,29
1895,1,o,10,k,0.6,58,15,5,1,225,0,10,18
1896,1,o,10,k,0.6,74,22,15,3,168,0,32,104
1897,1,o,10,k,0.6,37,38,13,1,217,0,40,49
1898,1,o,10,k,0.6,160,63,93,2,418,0,166,126
1899,1,o,10,k,0.6,58,18,2,1,241,0,4,5
1900,1,o,10,k,0.6,45,34,37,2,263,0,18,38
1901,1,o,10,k,0.6,70,7,4,0,239,0,5,7
1902,1,o,10,k,0.6,106,14,10,1,275,0,39,20
1903,1,o,10,k,0.6,91,40,59,2,395,0,92,44
1904,1,o,10,k,0.6,126,48,200,7,384,0,308,101
1905,1,o,10,k,0.6,62,9,9,0,187,0,20,14
1906,1,o,10,k,0.6,14,2,6,0,43,0,9,6
1907,1,o,10,k,0.6,67,20,2,0,233,0,5,40
1908,1,o,10,k,0.6,75,30,46,4,178,0,116,42
1909,1,o,10,k,0.6,58,28,18,1,255,0,13,40
1910,1,o,10,k,0.6,36,35,8,0,230,0,1,5
1911,1,o,10,k,0.6,81,18,100,3,210,0,158,65
1912,1,o,10,k,0.6,47,31,12,1,246,0,26,14
1913,1,o,10,k,0.6,102,26,1,0,300,0,6,88
1914,1,o,10,k,0.6,176,56,67,3,372,0,167,182
1915,1,o,10,k,0.6,27,17,23,2,122,0,34,21
1916,1,o,10,k,0.6,80,25,18,0,285,0,30,40
1917,1,o,10,k,0.6,59,18,11,1,228,0,19,38
1918,1,o,10,k,0.6,170,20,10,2,365,0,30,175
1919,1,o,10,k,0.6,39,9,20,2,171,0,16,23
1920,1,o,10,k,0.6,44,46,49,2,285,0,73,42
1921,1,o,10,k,0.6,65,37,2,1,376,0,4,10
1922,1,o,10,k,0.6,99,75,21,1,427,0,24,189
1923,1,o,10,k,0.6,49,11,14,10,208,0,9,11
1924,1,o,10,k,0.6,71,13,19,6,261,0,12,15
1925,1,o,10,k,0.6,63,29,42,7,165,0,69,119
1926,1,o,10,k,0.6,124,38,11,2,282,0,28,185
1927,1,o,10,k,0.6,62,10,9,1,201,0,11,29
1928,1,o,10,k,0.6,202,53,54,2,215,0,110,344
1929,1,o,10,k,0.6,240,45,9,2,216,0,8,584
1930,1,o,10,k,0.6,60,49,63,2,340,0,87,54
1931,1,o,10,k,0.6,143,32,98,1,352,0,104,184
1932,1,o,10,k,0.6,170,82,113,7,396,0,190,320
1933,1,o,10,k,0.6,82,18,19,1,219,0,40,58
1934,1,o,10,k,0.6,65,42,142,5,200,0,304,42
1935,1,o,10,k,0.6,66,28,2,1,292,0,3,24
1936,1,o,10,k,0.6,32,16,15,12,172,0,14,14
1937,1,o,10,k,0.6,79,12,5,0,181,0,12,13
1938,1,o,10,k,0.6,226,55,244,2,450,0,410,238
1939,1,o,10,k,0.6,153,29,16,1,384,0,49,47
1940,1,o,10,k,0.6,38,8,5,1,136,0,6,20
1941,1,o,10,k,0.6,58,20,11,2,170,0,45,24
1942,1,o,10,k,0.6,82,50,84,5,123,0,112,277
1943,1,o,10,k,0.6,80,9,4,2,270,0,9,14
1944,1,o,10,k,0.6,91,47,6,0,404,0,13,61
1945,1,o,10,k,0.6,27,12,17,0,120,0,26,9
1946,1,o,10,k,0.6,131,9,6,0,274,0,19,12
1947,1,o,10,k,0.6,71,23,13,0,250,0,22,45
1948,1,o,10,k,0.6,100,33,272,56,314,0,295,292
1949,1,o,10,k,0.6,60,3,5,0,125,0,10,36
1950,1,o,10,k,0.6,99,35,96,3,254,0,179,114
1951,1,o,10,k,0.6,51,21,5,0,239,0,6,6
1952,1,o,10,k,0.6,321,57,254,3,214,0,352,819
1953,1,o,10,k,0.6,107,68,25,3,287,0,37,281
1954,1,o,10,k,0.6,80,16,5,10,259,0,14,33
1955,1,o,10,k,0.6,131,38,13,2,413,0,46,100
1956,1,o,10,k,0.6,325,137,13,5,150,0,34,1189
1957,1,o,10,k,0.6,123,87,212,4,270,0,85,704
1958,1,o,10,k,0.6,93,27,11,1,286,0,18,40
1959,1,o,10,k,0.6,188,72,66,3,232,0,184,318
1960,1,o,10,k,0.6,63,26,26,1,232,0,46,43
1961,1,o,10,k,0.6,96,19,22,1,273,0,20,70
1962,1,o,10,k,0.6,130,44,66,4,305,0,118,135
1963,1,o,10,k,0.6,59,29,11,2,142,0,21,125
1964,1,o,10,k,0.6,95,34,7,1,288,0,15,117
1965,1,o,10,k,0.6,56,5,4,1,130,0,16,35
1966,1,o,10,k,0.6,114,28,27,2,196,0,37,214
1967,1,o,10,k,0.6,158,44,10,0,129,0,16,292
1968,1,o,10,k,0.6,123,25,47,4,307,0,91,154
1969,1,o,10,k,0.6,57,3,4,0,167,0,11,2
1970,1,o,10,k,0.6,70,26,422,6,614,0,284,190
1971,1,o,10,k,0.6,60,13,4,1,201,0,6,21
1972,1,o,10,k,0.6,75,52,2,1,432,0,3,30
1973,1,o,10,k,0.6,113,45,13,1,320,0,32,128
1974,1,o,10,k,0.6,360,34,36,0,287,0,3,790
1975,1,o,10,k,0.6,73,31,17,2,233,0,39,67
1976,1,o,10,k,0.6,108,24,31,2,366,0,42,41
1977,1,o,10,k,0.6,98,21,21,1,251,0,59,41
1978,1,o,10,k,0.6,50,12,44,2,205,0,49,21
1979,1,o,10,k,0.6,86,13,49,3,308,0,60,15
1980,1,o,10,k,0.6,53,47,115,6,16,0,360,3
1981,1,o,10,k,0.6,108,44,81,3,370,0,59,259
1982,1,o,10,k,0.6,98,34,114,25,175,0,230,153
1983,1,o,10,k,0.6,88,24,15,1,188,0,42,78
1984,1,o,10,k,0.6,49,22,6,1,244,0,12,1
1985,1,o,10,k,0.6,78,38,38,5,228,0,56,103
1986,1,o,10,k,0.6,83,38,101,7,307,0,158,25
1987,1,o,10,k,0.6,164,74,35,36,398,0,58,356
1988,1,o,10,k,0.6,40,17,3,1,175,0,12,9
1989,1,o,10,k,0.6,98,3,11,0,223,0,18,18
1990,1,o,10,k,0.6,196,80,141,4,358,0,298,360
1991,1,o,10,k,0.6,80,15,84,5,104,0,138,53
1992,1,o,10,k,0.6,47,29,81,4,181,0,127,33
1993,1,o,10,k,0.6,76,27,6,1,195,0,13,100
1994,1,o,10,k,0.6,38,8,5,1,113,0,9,9
1995,1,o,10,k,0.6,100,41,84,3,266,0,159,91
1996,1,o,10,k,0.6,180,58,17,2,248,0,39,412
1997,1,o,10,k,0.6,124,19,33,3,230,0,77,112
1998,1,o,10,k,0.6,70,7,2,0,235,0,5,6
1999,1,o,10,k,0.6,114,41,40,4,274,0,48,113
2000,1,o,10,k,0.6,167,19,178,6,373,0,361,49
2001,1,o,10,k,0.6,67,89,170,2,288,0,380,69
2002,1,o,10,k,0.6,51,3,4,0,146,0,10,2
2003,1,o,10,k,0.6,97,18,43,4,325,0,77,34
2004,1,o,10,k,0.6,96,28,3,2,342,0,5,37
2005,1,o,10,k,0.6,66,23,11,1,218,0,28,47
2006,1,o,10,k,0.6,144,16,102,3,271,0,182,61
2007,1,o,10,k,0.6,69,15,10,2,239,0,25,16
2008,1,o,10,k,0.6,106,33,4,0,320,0,5,148
2009,1,o,10,k,0.6,139,48,69,3,584,0,105,77
2010,1,o,10,k,0.6,50,5,5,0,133,0,12,13
2011,1,o,10,k,0.6,76,47,141,6,225,0,268,78
2012,1,o,10,k,0.6,80,19,9,2,212,0,18,95
2013,1,o,10,k,0.6,56,16,162,16,204,0,260,10
2014,1,o,10,k,0.6,52,24,18,2,203,0,36,10
2015,1,o,10,k,0.6,69,38,3,0,370,0,5,5
2016,1,o,10,k,0.6,59,12,15,1,211,0,28,1
2017,1,o,10,k,0.6,100,33,23,11,362,0,63,17
2018,1,o,10,k,0.6,40,39,100,5,198,0,178,27
2019,1,o,10,k,0.6,124,30,65,2,389,0,116,70
2020,1,o,10,k,0.6,99,53,7,2,110,0,22,355
2021,1,o,10,k,0.6,47,11,4,0,160,0,8,31
2022,1,o,10,k,0.6,129,32,5,1,231,0,9,230
2023,1,o,10,k,0.6,90,77,19,5,423,0,25,170
2024,1,o,10,k,0.6,64,16,4,1,243,0,8,16
2025,1,o,10,k,0.6,63,18,10,0,235,0,16,20
2026,1,o,10,k,0.6,66,14,7,0,253,0,8,1
2027,1,o,10,k,0.6,92,29,123,17,217,0,107,225
2028,1,o,10,k,0.6,95,56,55,2,519,0,93,10
2029,1,o,10,k,0.6,113,49,32,3,214,0,61,248
2030,1,o,10,k,0.6,115,64,160,5,488,0,298,89
2031,1,o,10,k,0.6,135,30,166,15,301,0,210,195
2032,1,o,10,k,0.6,101,4,16,0,268,0,30,9
2033,1,o,10,k,0.6,88,15,5,1,264,0,10,24
2034,1,o,10,k,0.6,114,44,58,1,311,0,84,236
2035,1,o,10,k,0.6,86,2,8,0,234,0,8,17
2036,1,o,10,k,0.6,83,5,29,2,271,0,34,0
2037,1,o,10,k,0.6,131,21,12,2,215,0,19,209
2038,1,o,10,k,0.6,145,56,13,2,334,0,55,218
2039,1,o,10,k,0.6,47,15,9,1,180,0,17,5
2040,1,o,10,k,0.6,102,28,38,1,194,0,69,160
2041,1,o,10,k,0.6,122,27,4,1,204,0,3,242
2042,1,o,10,k,0.6,74,20,55,2,287,0,51,52
2043,1,o,10,k,0.6,53,37,164,88,103,0,229,152
2044,1,o,10,k,0.6,148,76,76,3,230,0,120,360
2045,1,o,10,k,0.6,78,45,37,5,237,0,88,150
2046,1,o,10,k,0.6,90,17,11,1,189,0,67,26
2047,1,o,10,k,0.6,71,12,1,1,250,0,2,5
2048,1,o,10,k,0.6,26,4,4,1,73,0,5,25
2049,1,o,10,k,0.6,100,47,36,4,310,0,78,73
2050,1,o,10,k,0.6,124,20,52,3,75,0,114,226
2051,1,o,10,k,0.6,44,16,2,0,154,0,6,48
2052,1,o,10,k,0.6,183,64,82,9,222,0,154,326
2053,1,o,10,k,0.6,66,14,16,9,230,0,20,8
2054,1,o,10,k,0.6,37,23,20,1,218,0,32,8
2055,1,o,10,k,0.6,97,38,19,1,284,0,56,126
2056,1,o,10,k,0.6,6,3,17,0,44,0,16,3
2057,1,o,10,k,0.6,96,35,60,4,285,0,60,139
2058,1,o,10,k,0.6,77,9,2,1,259,0,6,5
2059,1,o,10,k,0.6,81,23,20,1,169,0,47,96
2060,1,o,10,k,0.6,93,23,34,5,299,0,66,37
2061,1,o,10,k,0.6,43,27,57,6,278,0,32,64
2062,1,o,10,k,0.6,40,43,7,6,193,0,25,76
2063,1,o,10,k,0.6,88,26,15,0,264,0,25,64
2064,1,o,10,k,0.6,191,31,217,4,335,0,445,111
2065,1,o,10,k,0.6,27,10,12,1,126,0,15,4
2066,1,o,10,k,0.6,61,28,84,3,185,0,104,122
2067,1,o,10,k,0.6,81,25,9,4,354,0,11,10
2068,1,o,10,k,0.6,102,34,74,3,354,0,128,35
2069,1,o,10,k,0.6,121,27,33,2,110,0,53,247
2070,1,o,10,k,0.6,72,37,25,0,300,0,29,29
2071,1,o,10,k,0.6,114,47,16,2,287,0,27,172
2072,1,o,10,k,0.6,80,15,54,3,236,0,93,49
2073,1,o,10,k,0.6,67,29,28,2,195,0,31,115
2074,1,o,10,k,0.6,212,23,10,1,285,0,15,316
2075,1,o,10,k,0.6,79,6,3,2,262,0,7,3
2076,1,o,10,k,0.6,118,17,91,10,336,0,137,70
2077,1,o,10,k,0.6,72,3,9,2,194,0,18,13
2078,1,o,10,k,0.6,106,28,29,4,154,0,40,151
2079,1,o,10,k,0.6,43,25,8,1,211,0,10,7
2080,1,o,10,k,0.6,136,60,80,4,334,0,124,225
2081,1,o,10,k,0.6,76,20,62,9,201,0,68,107
2082,1,o,10,k,0.6,27,12,21,4,201,0,4,5
2083,1,o,10,k,0.6,85,4,19,1,222,0,37,15
2084,1,o,10,k,0.6,76,55,359,6,145,0,590,174
2085,1,o,10,k,0.6,68,26,22,0,273,0,34,45
2086,1,o,10,k,0.6,72,6,6,0,222,0,8,12
2087,1,o,10,k,0.6,47,26,10,0,212,0,23,14
2088,1,o,10,k,0.6,92,41,97,1,306,0,166,74
2089,1,o,10,k,0.6,95,15,10,1,305,0,24,12
2090,1,o,10,k,0.6,51,20,42,2,185,0,46,83
2091,1,o,10,k,0.6,120,15,13,1,200,0,48,53
2092,1,o,10,k,0.6,86,33,8,1,264,0,18,99
2093,1,o,10,k,0.6,29,12,4,1,125,0,7,10
2094,1,o,10,k,0.6,215,57,57,7,208,0,73,530
2095,1,o,10,k,0.6,92,39,106,6,370,0,173,18
2096,1,o,10,k,0.6,81,12,102,2,358,0,86,16
2097,1,o,10,k,0.6,108,33,49,2,201,0,106,164
2098,1,o,10,k,0.6,105,32,84,1,154,0,154,55
2099,1,o,10,k,0.6,152,72,18,2,199,0,52,476
2100,1,o,10,k,0.6,43,5,13,0,127,0,15,15
2101,1,o,10,k,0.6,170,29,14,12,191,0,40,322
2102,1,o,10,k,0.6,50,3,4,0,150,0,7,4
2103,1,o,10,k,0.6,140,98,35,27,354,0,56,380
2104,1,o,10,k,0.6,83,42,154,5,111,0,262,118
2105,1,o,10,k,0.6,84,3,10,0,173,0,27,8
2106,1,o,10,k,0.6,40,27,2,1,205,0,2,22
2107,1,o,10,k,0.6,124,92,110,5,240,0,205,256
2108,1,o,10,k,0.6,35,31,7,1,191,0,14,44
2109,1,o,10,k,0.6,116,46,207,15,356,0,350,40
2110,1,o,10,k,0.6,82,21,15,6,186,0,30,116
2111,1,o,10,k,0.6,53,14,17,1,227,0,13,33
2112,1,o,10,k,0.6,53,49,205,15,164,0,320,90
2113,1,o,10,k,0.6,103,3,22,4,229,0,41,25
2114,1,o,10,k,0.6,78,29,7,1,332,0,12,17
2115,1,o,10,k,0.6,37,4,2,1,95,0,5,22
2116,1,o,10,k,0.6,16,6,19,1,45,0,22,41
2117,1,o,10,k,0.6,70,36,100,4,332,0,135,18
2118,1,o,10,k,0.6,73,26,39,6,250,0,57,72
2119,1,o,10,k,0.6,114,35,21,2,234,0,60,159
2120,1,o,10,k,0.6,63,9,18,4,207,0,21,2
2121,1,o,10,k,0.6,228,89,120,4,234,0,203,430
2122,1,o,10,k,0.6,31,15,1,0,151,0,3,17
2123,1,o,10,k,0.6,60,26,5,0,285,0,11,2
2124,1,o,10,k,0.6,39,15,21,1,190,0,22,1
2125,1,o,10,k,0.6,56,20,4,0,203,0,9,18
2126,1,o,10,k,0.6,73,28,13,2,244,0,17,72
2127,1,o,10,k,0.6,41,20,17,1,187,0,30,13
2128,1,o,10,k,0.6,157,89,35,5,490,0,64,297
2129,1,o,10,k,0.6,67,12,34,1,162,0,41,63
2130,1,o,10,k,0.6,48,6,5,0,166,0,8,5
2131,1,o,10,k,0.6,160,29,15,2,298,0,24,226
2132,1,o,10,k,0.6,144,57,151,3,183,0,260,316
2133,1,o,10,k,0.6,73,8,3,0,224,0,6,20
2134,1,o,10,k,0.6,69,19,48,2,230,0,72,26
2135,1,o,10,k,0.6,93,18,27,1,190,0,62,105
2136,1,o,10,k,0.6,61,34,2,0,316,0,1,20
2137,1,o,10,k,0.6,108,68,72,5,270,0,131,212
2138,1,o,10,k,0.6,278,63,94,4,165,0,123,762
2139,1,o,10,k,0.6,106,30,141,4,175,0,227,245
2140,1,o,10,k,0.6,55,20,11,5,187,0,32,25
2141,1,o,10,k,0.6,121,43,73,3,444,0,119,60
2142,1,o,10,k,0.6,95,19,77,2,374,0,73,52
2143,1,o,10,k,0.6,95,5,10,0,270,0,10,7
2144,1,o,10,k,0.6,83,45,13,4,358,0,23,62
2145,1,o,10,k,0.6,84,10,24,2,249,0,43,10
2146,1,o,10,k,0.6,102,56,130,2,147,0,179,412
2147,1,o,10,k,0.6,126,11,17,2,329,0,25,54
2148,1,o,10,k,0.6,95,22,18,1,240,0,28,93
25,1,o,10,k,0.6,17,3,105,3,53,0,166,20
26,1,o,10,k,0.6,55,16,56,2,290,0,42,2
27,1,o,10,k,0.6,85,27,19,0,396,0,37,46
28,1,o,10,k,0.6,70,26,13,0,311,0,19,11
29,1,o,10,k,0.6,42,1,0,0,120,0,4,1
30,1,o,10,k,0.6,85,3,2,0,242,0,4,7
31,1,o,10,k,0.6,6,1,2,0,24,0,1,0
32,1,o,10,k,0.6,57,30,4,0,330,0,3,2
33,1,o,10,k,0.6,61,17,41,0,222,0,59,26
34,1,o,10,k,0.6,18,8,8,0,103,0,2,4
35,1,o,10,k,0.6,88,19,7,1,350,0,2,20
36,1,o,10,k,0.6,86,24,30,1,320,0,44,27
37,1,o,10,k,0.6,40,30,25,2,209,0,41,42
38,1,o,10,k,0.6,21,13,585,51,1766,0,26,3
39,1,o,10,k,0.6,75,16,84,2,250,0,141,37
40,1,o,10,k,0.6,10,4,49,2,174,0,4,5
41,1,o,10,k,0.6,80,41,2,0,391,0,5,29
42,1,o,10,k,0.6,50,25,2,0,244,0,3,16
43,1,o,10,k,0.6,69,32,4,0,342,0,7,18
44,1,o,10,k,0.6,74,11,14,4,228,0,8,57
45,1,o,10,k,0.6,5,0,17,0,30,0,3,19
46,1,o,10,k,0.6,32,2,76,1,249,0,31,9
47,1,o,10,k,0.6,102,42,41,2,299,0,64,154
48,1,o,10,k,0.6,8,2,29,1,96,0,8,4
49,1,o,10,k,0.6,1,2,5,0,12,0,8,1
50,1,o,10,k,0.6,51,3,10,1,142,0,20,16
51,1,o,10,k,0.6,65,17,10,0,198,0,8,61
52,1,o,10,k,0.6,39,9,13,1,143,0,16,15
53,1,o,10,k,0.6,1,1,3,0,1,0,5,1
54,1,o,10,k,0.6,64,36,8,1,334,0,12,25
55,1,o,10,k,0.6,42,1,0,0,128,0,1,1
56,1,o,10,k,0.6,74,6,4,1,251,0,1,2
